{"stats":{"minecraft:custom":{"minecraft:time_since_rest":20045,"minecraft:crouch_one_cm":10607,"minecraft:sprint_one_cm":107791,"minecraft:play_time":20045,"minecraft:damage_taken":50,"minecraft:walk_one_cm":113455,"minecraft:sneak_time":772,"minecraft:walk_under_water_one_cm":662,"minecraft:mob_kills":1,"minecraft:drop":1,"minecraft:jump":459,"minecraft:damage_dealt":80,"minecraft:leave_game":3,"minecraft:walk_on_water_one_cm":2475,"minecraft:time_since_death":20045,"minecraft:climb_one_cm":1147,"minecraft:total_world_time":20045,"minecraft:swim_one_cm":183,"minecraft:fall_one_cm":12975,"minecraft:fly_one_cm":175847},"minecraft:picked_up":{"delightful:mini_melon":3,"minecraft:dandelion":1,"doggytalents:rice_grains":1,"vinery:white_grape_seeds":4,"minecraft:ink_sac":1,"botania:green_mystical_flower":1,"minecraft:mutton":1,"minecraft:white_wool":1,"minecraft:dirt":6},"minecraft:killed":{"minecraft:sheep":1},"minecraft:dropped":{"doggytalents:rice_grains":1},"minecraft:used":{"minecraft:dirt":6,"minecraft:melon_slice":6,"alexsmobs:animal_dictionary":2,"delightful:mini_melon":1,"minecraft:dandelion":1},"minecraft:crafted":{"minecraft:melon_slice":6},"minecraft:mined":{"botania:green_mystical_flower":1,"minecraft:grass":1,"minecraft:grass_block":1,"delightful:mini_melon":3,"minecraft:dirt":5,"minecraft:dandelion":1,"minecraft:oak_leaves":1,"vinery:white_grape_bush":2}},"DataVersion":3465}