{"stats":{"minecraft:custom":{"minecraft:time_since_rest":33916,"minecraft:interact_with_furnace":19,"minecraft:sprint_one_cm":134704,"minecraft:damage_taken":50,"minecraft:walk_one_cm":145120,"minecraft:mob_kills":5,"minecraft:drop":1,"minecraft:damage_dealt":451,"minecraft:interact_with_crafting_table":9,"minecraft:swim_one_cm":3087,"minecraft:fly_one_cm":244202,"minecraft:open_barrel":4,"minecraft:open_chest":9,"minecraft:crouch_one_cm":17009,"minecraft:play_time":33916,"minecraft:sneak_time":1369,"minecraft:walk_under_water_one_cm":938,"minecraft:jump":696,"minecraft:leave_game":5,"minecraft:time_since_death":33916,"minecraft:walk_on_water_one_cm":6552,"minecraft:climb_one_cm":1147,"minecraft:total_world_time":33916,"minecraft:fish_caught":3,"minecraft:fall_one_cm":18643},"minecraft:picked_up":{"minecraft:stick":1,"minecraft:dandelion":1,"doggytalents:rice_grains":1,"minecraft:oak_log":4,"minecraft:ink_sac":1,"minecraft:dirt":6,"upgrade_aquatic:river_sapling":4,"upgrade_aquatic:river_log":11,"delightful:mini_melon":3,"aquaculture:bluegill":2,"mysticalagriculture:inferium_essence":1,"delightful:acorn":1,"vinery:white_grape_seeds":4,"upgrade_aquatic:mulberry":18,"minecraft:stone_pickaxe":1,"minecraft:cod":1,"minecraft:oak_sapling":4,"botania:green_mystical_flower":1,"minecraft:mutton":3,"minecraft:white_wool":3,"minecraft:cobblestone":24},"minecraft:killed":{"minecraft:sheep":3,"enemyexpansion:botfly":1,"enemyexpansion:direwolf":1},"minecraft:dropped":{"doggytalents:rice_grains":1},"minecraft:used":{"minecraft:cooked_mutton":1,"minecraft:stone_sword":20,"upgrade_aquatic:mulberry":3,"minecraft:melon_slice":6,"minecraft:stone_pickaxe":40,"minecraft:stone_axe":9,"minecraft:fishing_rod":6,"minecraft:dirt":6,"minecraft:furnace":1,"minecraft:oak_sapling":3,"alexsmobs:animal_dictionary":2,"minecraft:cooked_beef":1,"minecraft:dandelion":1,"delightful:mini_melon":1},"minecraft:mined":{"botania:green_mystical_flower":1,"upgrade_aquatic:river_log":2,"upgrade_aquatic:mulberry_vine":4,"minecraft:dandelion":1,"minecraft:grass":1,"biomesoplenty:bush":1,"minecraft:grass_block":1,"minecraft:oak_log":3,"delightful:mini_melon":3,"minecraft:dirt":5,"minecraft:stone":24,"minecraft:oak_leaves":10,"vinery:white_grape_bush":2,"biomesoplenty:reed":3},"minecraft:crafted":{"minecraft:cooked_beef":3,"minecraft:cooked_cod":1,"minecraft:oak_planks":8,"minecraft:stone_shovel":1,"minecraft:fishing_rod":1,"minecraft:melon_slice":6,"minecraft:stick":4,"minecraft:wooden_pickaxe":1,"minecraft:stone_sword":1,"minecraft:furnace":1,"minecraft:stone_axe":1,"minecraft:air":0,"minecraft:cooked_mutton":1}},"DataVersion":3465}