{"stats":{"minecraft:custom":{"minecraft:time_since_rest":14770,"minecraft:crouch_one_cm":2919,"minecraft:sprint_one_cm":54027,"minecraft:play_time":14770,"minecraft:damage_taken":40,"minecraft:walk_one_cm":66239,"minecraft:sneak_time":208,"minecraft:drop":1,"minecraft:jump":156,"minecraft:leave_game":3,"minecraft:time_since_death":14770,"minecraft:climb_one_cm":1049,"minecraft:total_world_time":14770,"minecraft:fall_one_cm":4859,"minecraft:fly_one_cm":59474},"minecraft:picked_up":{"minecraft:dandelion":1,"doggytalents:rice_grains":1,"vinery:white_grape_seeds":4,"botania:green_mystical_flower":1,"minecraft:dirt":6},"minecraft:dropped":{"doggytalents:rice_grains":1},"minecraft:used":{"minecraft:dirt":6,"alexsmobs:animal_dictionary":1,"minecraft:dandelion":1},"minecraft:mined":{"botania:green_mystical_flower":1,"minecraft:grass":1,"minecraft:grass_block":1,"minecraft:dirt":5,"minecraft:dandelion":1,"minecraft:oak_leaves":1,"vinery:white_grape_bush":2}},"DataVersion":3465}