{"stats":{"minecraft:custom":{"minecraft:time_since_rest":25907,"minecraft:interact_with_furnace":14,"minecraft:sprint_one_cm":121703,"minecraft:damage_taken":50,"minecraft:walk_one_cm":131636,"minecraft:mob_kills":4,"minecraft:drop":1,"minecraft:damage_dealt":410,"minecraft:interact_with_crafting_table":7,"minecraft:swim_one_cm":3087,"minecraft:fly_one_cm":214011,"minecraft:open_barrel":3,"minecraft:open_chest":8,"minecraft:crouch_one_cm":15436,"minecraft:play_time":25907,"minecraft:sneak_time":1234,"minecraft:walk_under_water_one_cm":938,"minecraft:jump":605,"minecraft:leave_game":4,"minecraft:time_since_death":25907,"minecraft:walk_on_water_one_cm":5524,"minecraft:climb_one_cm":1147,"minecraft:total_world_time":25907,"minecraft:fish_caught":1,"minecraft:fall_one_cm":15659},"minecraft:picked_up":{"minecraft:dandelion":1,"doggytalents:rice_grains":1,"minecraft:oak_log":2,"minecraft:ink_sac":1,"minecraft:dirt":6,"delightful:mini_melon":3,"aquaculture:bluegill":1,"mysticalagriculture:inferium_essence":1,"vinery:white_grape_seeds":4,"minecraft:stone_pickaxe":1,"minecraft:oak_sapling":3,"botania:green_mystical_flower":1,"minecraft:mutton":3,"minecraft:white_wool":3,"minecraft:cobblestone":24},"minecraft:killed":{"minecraft:sheep":3,"enemyexpansion:direwolf":1},"minecraft:dropped":{"doggytalents:rice_grains":1},"minecraft:used":{"minecraft:cooked_mutton":1,"minecraft:stone_sword":16,"minecraft:melon_slice":6,"minecraft:stone_pickaxe":40,"minecraft:fishing_rod":4,"minecraft:dirt":6,"minecraft:furnace":1,"minecraft:oak_sapling":3,"alexsmobs:animal_dictionary":2,"minecraft:cooked_beef":1,"minecraft:dandelion":1,"delightful:mini_melon":1},"minecraft:mined":{"botania:green_mystical_flower":1,"minecraft:dandelion":1,"minecraft:grass":1,"minecraft:grass_block":1,"minecraft:oak_log":2,"delightful:mini_melon":3,"minecraft:dirt":5,"minecraft:stone":24,"minecraft:oak_leaves":5,"vinery:white_grape_bush":2},"minecraft:crafted":{"minecraft:cooked_beef":1,"minecraft:oak_planks":8,"minecraft:stone_shovel":1,"minecraft:fishing_rod":1,"minecraft:melon_slice":6,"minecraft:wooden_pickaxe":1,"minecraft:stone_sword":1,"minecraft:furnace":1,"minecraft:air":0,"minecraft:cooked_mutton":1}},"DataVersion":3465}