{"stats":{"minecraft:crafted":{"minecraft:oak_planks":20,"minecraft:crafting_table":4,"comforts:sleeping_bag_white":1,"minecraft:wooden_pickaxe":1,"minecraft:bowl":4,"minecraft:furnace":1,"minecraft:mushroom_stew":4,"minecraft:birch_planks":28,"minecraft:air":0,"minecraft:wooden_hoe":1,"minecraft:charcoal":1,"minecraft:stick":16,"minecraft:iron_ingot":8,"minecraft:stone_pickaxe":3,"minecraft:wooden_axe":1,"minecraft:stone_sword":1,"minecraft:torch":4,"minecraft:shears":1},"minecraft:killed":{"minecraft:spider":1,"enemyexpansion:direwolf":1,"minecraft:skeleton":1,"minecraft:chicken":5,"enemyexpansion:huntsman":2,"aquaculture:perch":1,"aquaculture:carp":1,"minecraft:cow":4},"minecraft:dropped":{"minecraft:enchanted_book":1,"bakery:oat_seeds":1,"minecraft:brown_mushroom":20,"minecraft:experience_bottle":1,"minecraft:cobblestone":61,"minecraft:oak_planks":1,"improvableskills:parchment_fragment":2,"minecraft:mushroom_stew":1,"minecraft:diamond_horse_armor":1,"minecraft:dirt":17,"minecraft:torch":8,"minecraft:golden_leggings":1,"minecraft:dried_kelp":3,"minecraft:brown_carpet":3,"minecraft:sand":32,"minecraft:bucket":1,"minecraft:bone":32},"minecraft:used":{"minecraft:stone_sword":66,"minecraft:birch_planks":4,"minecraft:stone_pickaxe":266,"minecraft:chest":1,"minecraft:wooden_pickaxe":19,"minecraft:stone":2,"doggytalents:rice_grains":4,"minecraft:cobblestone_slab":158,"minecraft:torch":27,"minecraft:dirt":638,"farmersdelight:onion":6,"minecraft:crafting_table":8,"minecraft:mushroom_stew":4,"minecraft:spruce_log":12,"minecraft:wooden_axe":45,"minecraft:wooden_hoe":5,"minecraft:apple":3,"minecraft:bread":14,"minecraft:grass_block":401,"minecraft:stone_brick_stairs":4,"minecraft:diamond_sword":9,"minecraft:cobblestone":9,"minecraft:furnace":1,"minecraft:bucket":1,"alexsmobs:animal_dictionary":1,"minecraft:smooth_stone_slab":342},"minecraft:mined":{"minecraft:brown_mushroom":14,"iceandfire:silver_ore":5,"minecraft:brown_carpet":2,"minecraft:crafting_table":6,"minecraft:torch":1,"vinery:taiga_grape_bush_red":2,"minecraft:grass_block":19,"minecraft:chest":1,"minecraft:rose_bush":2,"minecraft:campfire":1,"minecraft:tall_grass":4,"minecraft:cobblestone":4,"biomesoplenty:sprout":2,"minecraft:spruce_leaves":1,"minecraft:lapis_ore":5,"minecraft:red_mushroom":28,"minecraft:wall_torch":6,"farmersdelight:red_mushroom_colony":1,"minecraft:furnace":1,"minecraft:birch_log":7,"minecraft:iron_ore":8,"minecraft:spruce_log":12,"minecraft:andesite":1,"minecraft:grass":27,"vinery:taiga_grape_bush_white":1,"minecraft:oak_log":7,"minecraft:coal_ore":29,"minecraft:dirt":46,"minecraft:stone":204,"minecraft:fern":4},"minecraft:broken":{"minecraft:stone_pickaxe":2},"minecraft:custom":{"minecraft:interact_with_furnace":13,"minecraft:mob_kills":16,"minecraft:interact_with_crafting_table":19,"minecraft:open_barrel":4,"minecraft:damage_dealt_resisted":0,"minecraft:eat_cake_slice":4,"minecraft:leave_game":7,"minecraft:time_since_death":147839,"minecraft:climb_one_cm":788,"minecraft:time_since_rest":147839,"minecraft:sprint_one_cm":557969,"minecraft:damage_taken":753,"minecraft:walk_one_cm":435653,"minecraft:drop":22,"minecraft:damage_dealt":2289,"minecraft:damage_dealt_absorbed":20,"minecraft:talked_to_villager":1,"minecraft:swim_one_cm":81648,"minecraft:fly_one_cm":927032,"minecraft:open_chest":23,"minecraft:crouch_one_cm":9758,"minecraft:play_time":147839,"minecraft:sneak_time":1806,"minecraft:walk_under_water_one_cm":40496,"minecraft:jump":1189,"minecraft:walk_on_water_one_cm":28671,"minecraft:total_world_time":147839,"minecraft:fall_one_cm":15309,"minecraft:horse_one_cm":29},"minecraft:picked_up":{"minecraft:birch_log":7,"minecraft:charcoal":2,"minecraft:crafting_table":6,"minecraft:wheat":9,"minecraft:chicken":5,"minecraft:leather":3,"minecraft:andesite":1,"minecraft:golden_leggings":2,"minecraft:brown_mushroom":34,"minecraft:lead":3,"minecraft:red_mushroom":35,"minecraft:potato":7,"doggytalents:rice_grains":6,"minecraft:enchanted_book":2,"minecraft:diamond_horse_armor":2,"minecraft:mushroom_stew":1,"minecraft:oak_log":7,"minecraft:lapis_lazuli":39,"minecraft:dirt":63,"minecraft:item_frame":1,"minecraft:bone":68,"minecraft:experience_bottle":2,"bakery:oat_seeds":2,"minecraft:wheat_seeds":13,"mysticalagriculture:inferium_essence":1,"minecraft:bucket":2,"minecraft:beef":11,"minecraft:chest":1,"minecraft:furnace":1,"minecraft:raw_iron":8,"apotheosis:gem":1,"improvableskills:parchment_fragment":4,"vinery:taiga_grape_seeds_white":3,"vinery:taiga_grape_seeds_red":6,"minecraft:torch":14,"minecraft:bowl":2,"minecraft:gravel":1,"minecraft:sand":64,"minecraft:spruce_log":12,"minecraft:carrot":12,"origins:orb_of_origin":2,"minecraft:spider_eye":1,"minecraft:brown_carpet":3,"minecraft:arrow":4,"alexscaves:primordial_tunic":1,"aquaculture:carp":1,"minecraft:bread":7,"minecraft:emerald":1,"minecraft:white_wool":6,"minecraft:coal":47,"iceandfire:raw_silver":4,"minecraft:cobblestone":207}},"DataVersion":3465}