{"stats":{"minecraft:custom":{"minecraft:interact_with_smithing_table":1,"minecraft:interact_with_furnace":5,"minecraft:interact_with_anvil":2,"minecraft:mob_kills":25,"minecraft:interact_with_crafting_table":15,"minecraft:open_barrel":3,"minecraft:damage_dealt_resisted":0,"minecraft:interact_with_grindstone":1,"minecraft:leave_game":6,"minecraft:time_since_death":65888,"minecraft:climb_one_cm":16187,"minecraft:time_since_rest":66042,"minecraft:waystone_activated":1,"minecraft:sprint_one_cm":425198,"minecraft:damage_taken":1899,"minecraft:walk_one_cm":566554,"minecraft:trigger_trapped_chest":1,"minecraft:drop":43,"minecraft:damage_dealt":2729,"minecraft:swim_one_cm":2457,"minecraft:fly_one_cm":325788,"minecraft:open_chest":53,"minecraft:play_time":208709,"minecraft:crouch_one_cm":1775,"minecraft:deaths":1,"minecraft:sneak_time":339,"minecraft:walk_under_water_one_cm":4052,"minecraft:jump":1250,"minecraft:walk_on_water_one_cm":18671,"minecraft:total_world_time":208709,"minecraft:fall_one_cm":19578},"minecraft:picked_up":{"minecraft:birch_log":2,"minecraft:crafting_table":3,"vinery:red_grape":2,"magistuarmory:rustedchainmail_boots":1,"relics:holy_locket":1,"simplyswords:diamond_katana":1,"minecraft:leather_leggings":1,"minecraft:leather":7,"minecraft:diamond_sword":1,"minecraft:stone_brick_wall":2,"doggytalents:rice_grains":3,"minecraft:enchanted_book":1,"minecraft:stone_brick_stairs":5,"minecraft:oak_log":84,"minecraft:cobblestone_wall":12,"minecraft:string":8,"minecraft:dirt":2,"minecraft:paper":2,"relics:leather_belt":1,"minecraft:lantern":1,"minecraft:iron_shovel":1,"minecraft:item_frame":4,"minecraft:apple":65,"minecraft:stone_bricks":23,"delightful:mini_melon":4,"minecraft:wheat_seeds":12,"mysticalagriculture:inferium_essence":2,"minecraft:gold_nugget":6,"comforts:sleeping_bag_white":1,"minecraft:beef":16,"minecraft:poppy":1,"minecraft:spruce_slab":4,"delightful:green_tea_leaf":1,"minecraft:polished_andesite_slab":1,"minecraft:chest":1,"minecraft:spruce_trapdoor":6,"minecraft:book":6,"minecraft:stick":2,"apotheosis:gem":5,"minecraft:chiseled_stone_bricks":4,"minecraft:oak_pressure_plate":1,"minecraft:poisonous_potato":4,"minecraft:porkchop":20,"minecraft:carrot":66,"origins:orb_of_origin":1,"alexsmobs:animal_dictionary":1,"minecraft:stone_sword":1,"minecraft:rotten_flesh":2,"minecraft:peony":2,"twilightforest:phantom_helmet":1,"minecraft:iron_helmet":1,"supplementaries:ash":11,"minecraft:oak_sapling":3,"minecraft:mutton":4,"minecraft:white_wool":6,"minecraft:cobblestone":40},"minecraft:broken":{"minecraft:stone_sword":1},"minecraft:killed":{"minecraft:pig":10,"minecraft:spider":1,"majruszsdifficulty:cursed_armor":1,"minecraft:sheep":5,"minecraft:zombie":1,"minecraft:cow":7},"minecraft:dropped":{"alexsmobs:fedora":1,"farmersdelight:tomato_seeds":2,"minecraft:stone_axe":1,"minecraft:wheat_seeds":12,"minecraft:cobblestone_wall":12,"alexsmobs:animal_dictionary":2,"minecraft:poisonous_potato":4,"minecraft:book":6,"minecraft:lantern":1,"delightful:green_tea_leaf":1,"brewery:corn_seeds":1,"minecraft:item_frame":4,"minecraft:stick":2,"minecraft:poppy":1,"minecraft:dirt":1,"supplementaries:ash":11,"relics:leather_belt":1,"minecraft:peony":2,"relics:holy_locket":1,"minecraft:stone_brick_wall":2,"apotheosis:gem":1,"minecraft:oak_sapling":4,"minecraft:stone_bricks":23,"minecraft:gold_nugget":6,"minecraft:wooden_sword":1,"doggytalents:rice_grains":3,"minecraft:wooden_pickaxe":1,"minecraft:paper":2,"magistuarmory:rustedchainmail_boots":1,"minecraft:string":3,"minecraft:stone_brick_stairs":5,"minecraft:white_wool":3},"minecraft:used":{"minecraft:stone_sword":170,"minecraft:stone_pickaxe":39,"minecraft:spruce_slab":1,"minecraft:wooden_pickaxe":14,"minecraft:iron_sword":97,"minecraft:crafting_table":5,"minecraft:carrot":1,"farmersdelight:carrot_crate":3,"minecraft:apple":5,"minecraft:iron_axe":86,"minecraft:bread":18,"minecraft:melon_slice":12,"minecraft:iron_helmet":1,"twilightforest:phantom_helmet":4,"minecraft:polished_andesite_slab":1,"minecraft:wooden_sword":1,"farmersdelight:basket":1,"minecraft:cooked_porkchop":3,"comforts:sleeping_bag_white":1,"vinery:red_grape":2},"minecraft:mined":{"minecraft:crafting_table":3,"biomesoplenty:bush":1,"minecraft:grass_block":1,"minecraft:poppy":1,"minecraft:chest":1,"minecraft:tall_grass":10,"minecraft:polished_andesite_slab":1,"minecraft:oak_planks":1,"minecraft:chiseled_stone_bricks":4,"comforts:sleeping_bag_white":1,"supplementaries:urn":2,"minecraft:birch_log":2,"minecraft:andesite":1,"minecraft:peony":1,"minecraft:grass":37,"minecraft:oak_log":85,"delightful:mini_melon":4,"minecraft:lantern":1,"minecraft:cobweb":6,"minecraft:stone":41,"minecraft:spruce_slab":1,"minecraft:oak_leaves":8,"minecraft:fern":1},"minecraft:crafted":{"minecraft:wooden_sword":1,"minecraft:oak_planks":20,"sophisticatedbackpacks:backpack":1,"minecraft:cooked_porkchop":3,"minecraft:crafting_table":3,"minecraft:melon_slice":12,"comforts:sleeping_bag_white":1,"minecraft:wooden_pickaxe":1,"minecraft:birch_planks":8,"sophisticatedbackpacks:gold_backpack":1,"minecraft:oak_wood":3,"minecraft:stone_axe":1,"minecraft:air":0,"farmersdelight:carrot_crate":7,"minecraft:iron_axe":1,"minecraft:stick":20,"minecraft:stone_pickaxe":2,"minecraft:stone_sword":2,"sophisticatedbackpacks:iron_backpack":1}},"DataVersion":3465}