{"stats":{"minecraft:custom":{"minecraft:interact_with_smithing_table":1,"minecraft:interact_with_furnace":5,"minecraft:interact_with_anvil":2,"minecraft:mob_kills":16,"minecraft:interact_with_crafting_table":10,"minecraft:open_barrel":3,"minecraft:interact_with_grindstone":1,"minecraft:damage_dealt_resisted":0,"minecraft:leave_game":4,"minecraft:time_since_death":41242,"minecraft:climb_one_cm":16031,"minecraft:time_since_rest":41396,"minecraft:waystone_activated":1,"minecraft:sprint_one_cm":224489,"minecraft:damage_taken":1351,"minecraft:walk_one_cm":359391,"minecraft:trigger_trapped_chest":1,"minecraft:drop":29,"minecraft:damage_dealt":1426,"minecraft:fly_one_cm":154266,"minecraft:open_chest":34,"minecraft:crouch_one_cm":1678,"minecraft:play_time":184063,"minecraft:deaths":1,"minecraft:sneak_time":286,"minecraft:walk_under_water_one_cm":2311,"minecraft:jump":757,"minecraft:walk_on_water_one_cm":5616,"minecraft:total_world_time":184063,"minecraft:fall_one_cm":16012},"minecraft:used":{"minecraft:stone_sword":135,"minecraft:stone_pickaxe":34,"minecraft:spruce_slab":1,"minecraft:wooden_pickaxe":14,"minecraft:crafting_table":4,"farmersdelight:carrot_crate":3,"minecraft:carrot":1,"minecraft:apple":5,"minecraft:melon_slice":12,"minecraft:iron_helmet":1,"twilightforest:phantom_helmet":4,"minecraft:polished_andesite_slab":1,"minecraft:wooden_sword":1,"farmersdelight:basket":1,"minecraft:cooked_porkchop":3,"comforts:sleeping_bag_white":1,"vinery:red_grape":2},"minecraft:killed":{"minecraft:pig":6,"minecraft:sheep":5,"minecraft:cow":5},"minecraft:mined":{"minecraft:crafting_table":2,"biomesoplenty:bush":1,"minecraft:grass_block":1,"minecraft:poppy":1,"minecraft:chest":1,"minecraft:tall_grass":9,"minecraft:polished_andesite_slab":1,"minecraft:oak_planks":1,"comforts:sleeping_bag_white":1,"minecraft:grass":30,"minecraft:oak_log":6,"delightful:mini_melon":4,"minecraft:lantern":1,"minecraft:cobweb":6,"minecraft:stone":41,"minecraft:oak_leaves":4,"minecraft:spruce_slab":1,"minecraft:fern":1},"minecraft:crafted":{"minecraft:wooden_sword":1,"minecraft:oak_planks":20,"sophisticatedbackpacks:backpack":1,"minecraft:cooked_porkchop":3,"minecraft:crafting_table":2,"minecraft:melon_slice":12,"comforts:sleeping_bag_white":1,"minecraft:wooden_pickaxe":1,"minecraft:oak_wood":3,"minecraft:stone_axe":1,"minecraft:air":0,"farmersdelight:carrot_crate":7,"minecraft:stick":12,"minecraft:stone_pickaxe":2,"minecraft:stone_sword":2,"sophisticatedbackpacks:iron_backpack":1},"minecraft:picked_up":{"minecraft:crafting_table":2,"vinery:red_grape":2,"relics:holy_locket":1,"simplyswords:diamond_katana":1,"minecraft:leather":4,"minecraft:diamond_sword":1,"minecraft:stone_brick_wall":2,"doggytalents:rice_grains":2,"minecraft:enchanted_book":1,"minecraft:stone_brick_stairs":5,"minecraft:oak_log":6,"minecraft:cobblestone_wall":12,"relics:leather_belt":1,"minecraft:dirt":2,"minecraft:string":6,"minecraft:paper":2,"minecraft:lantern":1,"minecraft:item_frame":4,"minecraft:apple":64,"minecraft:stone_bricks":23,"delightful:mini_melon":4,"minecraft:wheat_seeds":11,"mysticalagriculture:inferium_essence":2,"minecraft:gold_nugget":6,"comforts:sleeping_bag_white":1,"minecraft:beef":11,"minecraft:poppy":1,"minecraft:spruce_slab":4,"minecraft:polished_andesite_slab":1,"minecraft:chest":1,"minecraft:spruce_trapdoor":6,"minecraft:book":6,"minecraft:stick":2,"apotheosis:gem":5,"minecraft:oak_pressure_plate":1,"minecraft:poisonous_potato":4,"minecraft:porkchop":11,"minecraft:carrot":66,"origins:orb_of_origin":1,"alexsmobs:animal_dictionary":1,"minecraft:iron_helmet":1,"twilightforest:phantom_helmet":1,"minecraft:mutton":4,"minecraft:white_wool":6,"minecraft:cobblestone":40},"minecraft:dropped":{"alexsmobs:fedora":1,"minecraft:stone_axe":1,"minecraft:wheat_seeds":11,"alexsmobs:animal_dictionary":2,"minecraft:cobblestone_wall":12,"minecraft:poisonous_potato":4,"minecraft:book":6,"minecraft:lantern":1,"minecraft:item_frame":4,"minecraft:stick":2,"minecraft:poppy":1,"minecraft:dirt":1,"relics:leather_belt":1,"relics:holy_locket":1,"minecraft:stone_brick_wall":2,"apotheosis:gem":1,"minecraft:stone_bricks":23,"minecraft:wooden_sword":1,"minecraft:gold_nugget":6,"doggytalents:rice_grains":2,"minecraft:wooden_pickaxe":1,"minecraft:paper":2,"minecraft:string":2,"minecraft:stone_brick_stairs":5,"minecraft:white_wool":3}},"DataVersion":3465}