{"stats":{"minecraft:custom":{"minecraft:interact_with_smithing_table":1,"minecraft:mob_kills":27,"minecraft:interact_with_anvil":2,"minecraft:interact_with_crafting_table":15,"minecraft:open_barrel":3,"minecraft:damage_dealt_resisted":0,"minecraft:leave_game":6,"minecraft:time_since_death":76056,"minecraft:climb_one_cm":16423,"minecraft:sprint_one_cm":528251,"minecraft:walk_one_cm":636934,"minecraft:drop":50,"minecraft:play_time":218877,"minecraft:deaths":1,"minecraft:sneak_time":415,"minecraft:walk_under_water_one_cm":5460,"minecraft:jump":1530,"minecraft:walk_on_water_one_cm":20265,"minecraft:total_world_time":218877,"minecraft:interact_with_furnace":5,"minecraft:interact_with_grindstone":1,"minecraft:time_since_rest":76210,"minecraft:waystone_activated":1,"minecraft:damage_taken":2005,"minecraft:trigger_trapped_chest":3,"minecraft:damage_dealt":2883,"minecraft:swim_one_cm":2457,"minecraft:fly_one_cm":385333,"minecraft:open_chest":53,"minecraft:crouch_one_cm":1845,"minecraft:fall_one_cm":22580},"minecraft:picked_up":{"minecraft:crafting_table":3,"vinery:red_grape":2,"minecraft:leather_leggings":1,"simplyswords:diamond_katana":1,"minecraft:diamond_sword":1,"minecraft:stone_brick_wall":2,"minecraft:enchanted_book":1,"minecraft:stone_brick_stairs":5,"minecraft:string":8,"relics:leather_belt":1,"minecraft:item_frame":8,"minecraft:iron_shovel":1,"mysticalagriculture:inferium_essence":2,"minecraft:gold_nugget":6,"delightful:acorn":2,"improvableskills:scroll_normal":1,"comforts:sleeping_bag_white":1,"minecraft:beef":18,"minecraft:poppy":1,"minecraft:spruce_slab":4,"delightful:green_tea_leaf":1,"minecraft:chest":1,"minecraft:spruce_trapdoor":6,"minecraft:stick":2,"apotheosis:gem":9,"improvableskills:parchment_fragment":7,"minecraft:porkchop":20,"minecraft:carrot":66,"origins:orb_of_origin":1,"minecraft:stone_sword":1,"minecraft:arrow":2,"minecraft:rotten_flesh":2,"minecraft:peony":2,"supplementaries:ash":12,"minecraft:mutton":4,"minecraft:cobblestone":40,"minecraft:white_wool":6,"minecraft:birch_log":2,"minecraft:pink_petals":3,"magistuarmory:rustedchainmail_boots":1,"relics:holy_locket":1,"minecraft:leather":8,"doggytalents:rice_grains":3,"minecraft:oak_log":136,"minecraft:cobblestone_wall":12,"minecraft:dirt":2,"minecraft:paper":2,"minecraft:lantern":1,"minecraft:apple":67,"minecraft:stone_bricks":23,"delightful:mini_melon":4,"minecraft:wheat_seeds":12,"minecraft:polished_andesite_slab":1,"minecraft:oak_planks":2,"minecraft:book":9,"minecraft:chiseled_stone_bricks":4,"minecraft:oak_pressure_plate":1,"minecraft:poisonous_potato":4,"minecraft:lily_of_the_valley":1,"alexsmobs:animal_dictionary":1,"minecraft:iron_helmet":1,"twilightforest:phantom_helmet":1,"minecraft:oak_sapling":13},"minecraft:broken":{"minecraft:stone_sword":1},"minecraft:killed":{"minecraft:spider":1,"minecraft:skeleton":1,"minecraft:pig":10,"majruszsdifficulty:cursed_armor":1,"minecraft:sheep":5,"minecraft:zombie":1,"minecraft:cow":8},"minecraft:dropped":{"alexsmobs:fedora":1,"farmersdelight:tomato_seeds":2,"minecraft:wheat_seeds":12,"minecraft:poisonous_potato":4,"minecraft:book":6,"minecraft:lantern":1,"improvableskills:parchment_fragment":7,"delightful:green_tea_leaf":1,"brewery:corn_seeds":1,"minecraft:stick":2,"minecraft:item_frame":5,"minecraft:dirt":1,"relics:leather_belt":1,"relics:holy_locket":1,"minecraft:gold_nugget":6,"minecraft:wooden_sword":1,"minecraft:paper":2,"minecraft:string":3,"minecraft:pink_petals":3,"minecraft:white_wool":3,"minecraft:stone_axe":1,"alexsmobs:animal_dictionary":2,"minecraft:cobblestone_wall":12,"minecraft:rotten_flesh":2,"minecraft:lily_of_the_valley":1,"minecraft:poppy":1,"supplementaries:ash":12,"minecraft:peony":2,"minecraft:stone_brick_wall":2,"apotheosis:gem":1,"minecraft:oak_sapling":9,"minecraft:stone_bricks":23,"doggytalents:rice_grains":3,"minecraft:wooden_pickaxe":1,"magistuarmory:rustedchainmail_boots":1,"minecraft:stone_brick_stairs":5},"minecraft:used":{"minecraft:stone_sword":191,"minecraft:spruce_slab":1,"minecraft:iron_sword":97,"farmersdelight:carrot_crate":3,"minecraft:carrot":1,"minecraft:iron_axe":147,"minecraft:iron_helmet":1,"farmersdelight:basket":1,"comforts:sleeping_bag_white":1,"vinery:red_grape":2,"minecraft:water_bucket":1,"minecraft:oak_planks":50,"minecraft:stone_pickaxe":41,"minecraft:wooden_pickaxe":14,"minecraft:crafting_table":5,"minecraft:apple":5,"minecraft:melon_slice":12,"minecraft:bread":30,"twilightforest:phantom_helmet":4,"minecraft:polished_andesite_slab":1,"minecraft:wooden_sword":1,"minecraft:cooked_porkchop":3,"minecraft:bucket":2},"minecraft:mined":{"biomesoplenty:bush":1,"minecraft:grass_block":1,"minecraft:polished_andesite_slab":1,"minecraft:chiseled_stone_bricks":4,"comforts:sleeping_bag_white":1,"minecraft:andesite":1,"minecraft:peony":1,"minecraft:bookshelf":5,"minecraft:lantern":1,"minecraft:stone":41,"minecraft:spruce_slab":1,"minecraft:lily_of_the_valley":2,"minecraft:crafting_table":3,"minecraft:poppy":1,"minecraft:chest":1,"minecraft:tall_grass":13,"minecraft:oak_planks":3,"minecraft:pink_petals":1,"supplementaries:urn":2,"minecraft:birch_log":2,"minecraft:tnt":2,"minecraft:grass":53,"minecraft:oak_log":137,"delightful:mini_melon":4,"minecraft:cobweb":6,"minecraft:oak_leaves":10,"minecraft:fern":3},"minecraft:crafted":{"minecraft:wooden_sword":1,"minecraft:oak_planks":280,"minecraft:melon_slice":12,"comforts:sleeping_bag_white":1,"farmersdelight:carrot_crate":7,"minecraft:iron_axe":1,"minecraft:stone_pickaxe":2,"sophisticatedbackpacks:iron_backpack":1,"sophisticatedbackpacks:backpack":1,"minecraft:cooked_porkchop":3,"minecraft:crafting_table":3,"minecraft:wooden_pickaxe":1,"sophisticatedbackpacks:gold_backpack":1,"minecraft:oak_wood":3,"minecraft:birch_planks":8,"minecraft:stone_axe":1,"minecraft:air":0,"minecraft:stick":20,"minecraft:stone_sword":2}},"DataVersion":3465}