{"stats":{"minecraft:custom":{"minecraft:interact_with_smithing_table":1,"minecraft:mob_kills":42,"minecraft:interact_with_anvil":2,"minecraft:interact_with_crafting_table":21,"minecraft:open_barrel":3,"minecraft:damage_dealt_resisted":0,"minecraft:leave_game":7,"minecraft:time_since_death":98234,"minecraft:climb_one_cm":16423,"minecraft:sprint_one_cm":534330,"minecraft:walk_one_cm":904921,"minecraft:damage_blocked_by_shield":45,"minecraft:drop":72,"minecraft:play_time":241055,"minecraft:deaths":1,"minecraft:sneak_time":1741,"minecraft:walk_under_water_one_cm":5460,"minecraft:jump":1673,"minecraft:walk_on_water_one_cm":37230,"minecraft:total_world_time":241055,"minecraft:interact_with_furnace":5,"minecraft:interact_with_grindstone":1,"minecraft:time_since_rest":98388,"minecraft:waystone_activated":1,"minecraft:damage_taken":2361,"minecraft:trigger_trapped_chest":3,"minecraft:damage_dealt":4638,"minecraft:swim_one_cm":2457,"minecraft:fly_one_cm":391790,"minecraft:open_chest":54,"minecraft:crouch_one_cm":22006,"minecraft:fall_one_cm":24925},"minecraft:picked_up":{"minecraft:crafting_table":3,"vinery:red_grape":2,"minecraft:leather_leggings":1,"simplyswords:diamond_katana":1,"minecraft:diamond_sword":1,"minecraft:stone_brick_wall":2,"minecraft:enchanted_book":1,"minecraft:stone_brick_stairs":5,"minecraft:string":8,"relics:leather_belt":1,"minecraft:item_frame":9,"minecraft:iron_shovel":1,"mysticalagriculture:inferium_essence":6,"minecraft:gold_nugget":6,"delightful:acorn":2,"improvableskills:scroll_normal":1,"comforts:sleeping_bag_white":2,"minecraft:beef":18,"minecraft:poppy":1,"minecraft:spruce_slab":4,"delightful:green_tea_leaf":1,"minecraft:chest":1,"minecraft:spruce_trapdoor":6,"minecraft:stick":2,"apotheosis:gem":9,"improvableskills:parchment_fragment":7,"minecraft:porkchop":20,"minecraft:cherry_log":19,"minecraft:carrot":66,"origins:orb_of_origin":1,"minecraft:stone_sword":1,"minecraft:arrow":3,"minecraft:rotten_flesh":14,"minecraft:peony":2,"supplementaries:ash":12,"minecraft:mutton":4,"minecraft:cobblestone":51,"minecraft:white_wool":6,"minecraft:birch_log":2,"minecraft:pink_petals":41,"magistuarmory:rustedchainmail_boots":1,"relics:holy_locket":1,"minecraft:leather":8,"doggytalents:rice_grains":18,"minecraft:oak_log":136,"iceandfire:ectoplasm":1,"minecraft:cobblestone_wall":12,"minecraft:dirt":112,"minecraft:paper":2,"minecraft:lantern":1,"minecraft:bone":2,"minecraft:apple":67,"minecraft:stone_bricks":23,"delightful:mini_melon":4,"minecraft:wheat_seeds":52,"minecraft:polished_andesite_slab":1,"minecraft:oak_planks":12,"minecraft:book":9,"minecraft:chiseled_stone_bricks":4,"minecraft:oak_pressure_plate":1,"minecraft:poisonous_potato":4,"minecraft:lily_of_the_valley":1,"alexsmobs:animal_dictionary":1,"magistuarmory:corruptedroundshield":1,"minecraft:iron_helmet":1,"twilightforest:phantom_helmet":1,"minecraft:oak_sapling":23},"minecraft:broken":{"minecraft:stone_sword":1},"minecraft:killed":{"minecraft:spider":1,"minecraft:skeleton":1,"minecraft:husk":1,"minecraft:pig":10,"majruszsdifficulty:cursed_armor":1,"minecraft:sheep":5,"minecraft:zombie":5,"iceandfire:ghost":1,"enemyexpansion:botfly":6,"alexsmobs:fly":2,"minecraft:cow":8,"enemyexpansion:slugger":1},"minecraft:dropped":{"alexsmobs:fedora":1,"farmersdelight:tomato_seeds":2,"minecraft:wheat_seeds":52,"minecraft:poisonous_potato":4,"minecraft:book":6,"minecraft:lantern":1,"improvableskills:parchment_fragment":7,"delightful:green_tea_leaf":1,"brewery:corn_seeds":1,"minecraft:stick":2,"minecraft:item_frame":7,"minecraft:dirt":113,"relics:leather_belt":1,"relics:holy_locket":1,"minecraft:gold_nugget":6,"minecraft:wooden_sword":1,"minecraft:paper":2,"minecraft:string":4,"minecraft:pink_petals":41,"minecraft:white_wool":3,"minecraft:stone_axe":1,"alexsmobs:animal_dictionary":2,"minecraft:cobblestone_wall":12,"minecraft:rotten_flesh":14,"minecraft:lily_of_the_valley":1,"minecraft:poppy":1,"supplementaries:ash":12,"minecraft:peony":2,"mysticalagriculture:inferium_essence":4,"minecraft:stone_brick_wall":2,"apotheosis:gem":1,"minecraft:oak_sapling":24,"minecraft:stone_bricks":23,"doggytalents:rice_grains":18,"minecraft:wooden_pickaxe":1,"magistuarmory:rustedchainmail_boots":1,"minecraft:stone_brick_stairs":5},"minecraft:used":{"magistuarmory:corruptedroundshield":1,"minecraft:stone_sword":441,"minecraft:iron_shovel":132,"minecraft:spruce_slab":1,"minecraft:iron_sword":97,"quark:cherry_chest":8,"farmersdelight:carrot_crate":3,"minecraft:carrot":1,"minecraft:iron_axe":186,"minecraft:iron_helmet":1,"farmersdelight:basket":1,"comforts:sleeping_bag_white":3,"vinery:red_grape":2,"minecraft:water_bucket":2,"minecraft:oak_planks":524,"minecraft:stone_pickaxe":57,"minecraft:wooden_pickaxe":14,"minecraft:crafting_table":6,"minecraft:apple":8,"minecraft:melon_slice":12,"minecraft:bread":47,"twilightforest:phantom_helmet":4,"minecraft:polished_andesite_slab":1,"minecraft:wooden_sword":1,"minecraft:cooked_porkchop":3,"minecraft:bucket":3},"minecraft:mined":{"minecraft:cherry_log":20,"biomesoplenty:bush":1,"minecraft:grass_block":121,"minecraft:polished_andesite_slab":1,"minecraft:chiseled_stone_bricks":4,"comforts:sleeping_bag_white":2,"minecraft:andesite":1,"minecraft:peony":1,"minecraft:bookshelf":5,"minecraft:dirt_path":1,"minecraft:lantern":1,"minecraft:stone":41,"minecraft:spruce_slab":1,"minecraft:lily_of_the_valley":2,"minecraft:crafting_table":3,"minecraft:poppy":1,"minecraft:chest":1,"minecraft:cobblestone":11,"minecraft:tall_grass":25,"minecraft:oak_planks":13,"minecraft:pink_petals":4,"supplementaries:urn":2,"minecraft:birch_log":2,"minecraft:tnt":2,"minecraft:grass":77,"minecraft:oak_log":137,"delightful:mini_melon":4,"minecraft:cherry_leaves":23,"minecraft:dirt":2,"minecraft:cobweb":6,"minecraft:oak_leaves":10,"minecraft:fern":7},"minecraft:crafted":{"minecraft:cherry_planks":76,"minecraft:wooden_sword":1,"minecraft:oak_planks":536,"minecraft:melon_slice":12,"comforts:sleeping_bag_white":1,"minecraft:furnace":1,"quark:cherry_chest":9,"farmersdelight:carrot_crate":7,"minecraft:iron_axe":1,"minecraft:stone_pickaxe":2,"sophisticatedbackpacks:iron_backpack":1,"sophisticatedbackpacks:backpack":1,"minecraft:cooked_porkchop":3,"minecraft:crafting_table":3,"minecraft:wooden_pickaxe":1,"sophisticatedbackpacks:gold_backpack":1,"minecraft:oak_wood":3,"minecraft:birch_planks":8,"minecraft:stone_axe":1,"minecraft:air":0,"minecraft:stick":20,"minecraft:stone_sword":2}},"DataVersion":3465}