{"stats":{"minecraft:used":{"irons_spellbooks:inscription_table":4,"minecraft:oak_trapdoor":10,"minecraft:cobblestone_stairs":2,"apotheosis:simple_reforging_table":3,"minecraft:oak_planks":23,"minecraft:poppy":6,"minecraft:iron_golem_spawn_egg":81,"minecraft:chest":8,"minecraft:cobblestone_slab":30,"alexsmobs:spawn_egg_straddler":7,"minecraft:oak_door":5,"minecraft:oak_leaves":6,"minecraft:white_wool":3,"gateways:gate_pearl":1,"minecraft:torch":8,"minecraft:dirt":118,"minecraft:anvil":1,"minecraft:crafting_table":2,"minecraft:brick_slab":1,"farmersdelight:carrot_crate":12,"blue_skies:artificial_golem_spawn_egg":4,"easy_npc:humanoid_spawn_egg":4,"minecraft:spruce_log":14,"armourers_workshop:skinning-table":1,"minecraft:bricks":41,"minecraft:villager_spawn_egg":50,"minecraft:command_block":6,"minecraft:heavy_weighted_pressure_plate":2,"minecraft:brick_stairs":3,"armourers_workshop:skin-library-global":1,"minecraft:iron_helmet":2,"twilightforest:phantom_helmet":1,"minecraft:oak_pressure_plate":6,"minecraft:iron_door":9,"minecraft:stone_bricks":6,"minecraft:diamond_sword":21,"minecraft:red_carpet":58,"minecraft:wooden_sword":33,"farmersdelight:basket":1,"armourers_workshop:skin-library-creative":1,"minecraft:glass_pane":9,"minecraft:gold_block":1,"minecraft:smooth_stone_slab":20},"minecraft:custom":{"minecraft:interact_with_anvil":6,"minecraft:mob_kills":24,"minecraft:interact_with_crafting_table":7,"minecraft:damage_dealt_resisted":0,"minecraft:leave_game":33,"minecraft:time_since_death":996099,"minecraft:climb_one_cm":424,"minecraft:time_since_rest":996099,"minecraft:sprint_one_cm":358723,"minecraft:walk_one_cm":395391,"minecraft:drop":12,"minecraft:damage_dealt":9928,"minecraft:damage_dealt_absorbed":16,"minecraft:swim_one_cm":550,"minecraft:talked_to_villager":1,"minecraft:fly_one_cm":2617423,"minecraft:open_chest":41,"minecraft:crouch_one_cm":3526,"minecraft:play_time":996099,"minecraft:sneak_time":1303,"minecraft:walk_under_water_one_cm":96,"minecraft:jump":1276,"minecraft:walk_on_water_one_cm":683,"minecraft:total_world_time":996099},"minecraft:dropped":{"minecraft:iron_helmet":1,"armourers_workshop:skin":1,"coinsje:netherite_coin":1,"minecraft:diamond_sword":1,"twilightforest:phantom_helmet":2,"origins:orb_of_origin":1,"simplyswords:diamond_katana":1,"simplyswords:diamond_scythe":2,"coinsje:diamond_coin":33},"minecraft:picked_up":{"minecraft:enchanted_book":1,"minecraft:gunpowder":1,"farmersdelight:carrot_crate":1,"armourers_workshop:skin":1,"simplyswords:diamond_scythe":2,"minecraft:bone":1,"mysticalagriculture:inferium_essence":7,"improvableskills:scroll_normal":16,"minecraft:poppy":2,"apotheosis:gem_dust":128,"minecraft:dandelion":2,"apotheosis:uncommon_material":128,"minecraft:spruce_log":1,"securitycraft:reinforced_spruce_log":1,"coinsje:netherite_coin":1,"minecraft:rotten_flesh":1,"twilightforest:phantom_helmet":1,"coinsje:diamond_coin":80,"supplementaries:ash":10,"minecraft:ender_pearl":29887},"minecraft:killed":{"minecraft:pig":1,"enemyexpansion:direwolf":1,"minecraft:creeper":1,"bakery:wandering_baker":1,"minecraft:skeleton":1,"minecraft:skeleton_horse":1,"minecraft:enderman":18}},"DataVersion":3465}