{"stats":{"minecraft:custom":{"minecraft:mob_kills":6,"minecraft:traded_with_villager":1,"minecraft:interact_with_crafting_table":13,"minecraft:open_barrel":2,"minecraft:damage_dealt_resisted":2,"minecraft:leave_game":2,"minecraft:time_since_death":3675,"minecraft:climb_one_cm":2632,"minecraft:damage_resisted":0,"minecraft:time_since_rest":3688,"minecraft:sprint_one_cm":428643,"minecraft:damage_taken":1239,"minecraft:walk_one_cm":363699,"minecraft:trigger_trapped_chest":3,"minecraft:drop":10,"minecraft:damage_dealt":956,"minecraft:swim_one_cm":18205,"minecraft:talked_to_villager":1,"minecraft:fly_one_cm":338367,"minecraft:open_chest":43,"minecraft:crouch_one_cm":1431,"minecraft:play_time":43961,"minecraft:deaths":4,"minecraft:sneak_time":326,"minecraft:walk_under_water_one_cm":3613,"minecraft:jump":781,"minecraft:walk_on_water_one_cm":15982,"minecraft:total_world_time":43961,"minecraft:fall_one_cm":84623},"minecraft:picked_up":{"minecraft:crafting_table":1,"minecraft:allium":2,"minecraft:azure_bluet":2,"minecraft:flower_pot":18,"minecraft:anvil":1,"minecraft:fern":1,"minecraft:leather":4,"minecraft:smithing_table":1,"minecraft:stone_brick_wall":3,"minecraft:oak_log":1,"minecraft:cornflower":3,"minecraft:red_bed":1,"minecraft:string":8,"minecraft:item_frame":5,"minecraft:blue_orchid":2,"minecraft:stone_bricks":27,"morevillagers:gardening_table":1,"minecraft:wheat_seeds":1,"mysticalagriculture:inferium_essence":1,"minecraft:beef":9,"minecraft:poppy":2,"minecraft:spruce_trapdoor":3,"biomesoplenty:umbran_log":81,"minecraft:book":6,"minecraft:stick":11,"bakery:strawberry":1,"apotheosis:gem":3,"minecraft:torch":1,"minecraft:dandelion":1,"minecraft:lily_of_the_valley":4,"minecraft:polished_diorite":2,"biomesoplenty:umbran_sapling":4,"minecraft:black_banner":1,"minecraft:stripped_dark_oak_log":6,"iceandfire:raw_silver":3,"minecraft:oxeye_daisy":2},"minecraft:killed":{"illagerinvasion:basher":1,"minecraft:zombie":1,"minecraft:cow":4},"minecraft:dropped":{"farmersdelight:tomato_seeds":6,"minecraft:wheat_seeds":1,"minecraft:stripped_dark_oak_log":3,"minecraft:lily_of_the_valley":4,"minecraft:stick":14,"mysticalagriculture:inferium_essence":1,"apotheosis:gem":1,"minecraft:string":4},"minecraft:used":{"minecraft:stone_sword":44,"minecraft:stone_pickaxe":12,"minecraft:torch":1,"minecraft:crafting_table":2,"minecraft:polished_diorite":2,"biomesoplenty:umbran_planks":29,"minecraft:apple":18,"minecraft:stone_axe":100,"minecraft:cobblestone":10,"minecraft:beef":3,"alexsmobs:animal_dictionary":2},"minecraft:crafted":{"biomesoplenty:umbran_planks":68,"minecraft:oak_planks":4,"sophisticatedbackpacks:backpack":1,"minecraft:emerald":1,"minecraft:crafting_table":2,"minecraft:stone_axe":1,"quark:dark_oak_chest":1,"minecraft:stick":12,"minecraft:stone_pickaxe":1,"minecraft:chest":1,"minecraft:dark_oak_planks":12,"minecraft:torch":4},"minecraft:mined":{"minecraft:smithing_table":1,"iceandfire:silver_ore":3,"minecraft:glass_pane":4,"minecraft:red_bed":1,"minecraft:potted_lily_of_the_valley":2,"minecraft:potted_blue_orchid":2,"minecraft:torch":1,"minecraft:stone_brick_wall":1,"morevillagers:gardening_table":1,"minecraft:yellow_carpet":1,"minecraft:potted_oxeye_daisy":2,"minecraft:tall_grass":1,"minecraft:polished_diorite":2,"biomesoplenty:dead_grass":1,"minecraft:oak_planks":1,"minecraft:potted_fern":2,"minecraft:glowstone":1,"biomesoplenty:umbran_log":86,"minecraft:anvil":1,"minecraft:potted_poppy":2,"minecraft:stone_brick_stairs":1,"minecraft:grass":5,"minecraft:potted_azure_bluet":2,"minecraft:potted_dandelion":2,"minecraft:oak_log":1,"biomesoplenty:umbran_leaves":15,"minecraft:cracked_stone_bricks":1,"minecraft:potted_cornflower":2,"minecraft:stone_bricks":1,"minecraft:potted_allium":2}},"DataVersion":3465}