{"stats":{"minecraft:custom":{"minecraft:mob_kills":6,"minecraft:traded_with_villager":1,"minecraft:interact_with_crafting_table":7,"minecraft:open_barrel":2,"minecraft:time_since_death":9772,"minecraft:climb_one_cm":2439,"minecraft:damage_resisted":0,"minecraft:time_since_rest":9787,"minecraft:sprint_one_cm":281662,"minecraft:damage_taken":609,"minecraft:walk_one_cm":284402,"minecraft:drop":9,"minecraft:damage_dealt":910,"minecraft:swim_one_cm":6026,"minecraft:talked_to_villager":1,"minecraft:fly_one_cm":164094,"minecraft:open_chest":41,"minecraft:crouch_one_cm":819,"minecraft:play_time":30764,"minecraft:deaths":2,"minecraft:sneak_time":248,"minecraft:walk_under_water_one_cm":2342,"minecraft:jump":412,"minecraft:walk_on_water_one_cm":8571,"minecraft:total_world_time":30764,"minecraft:fall_one_cm":37750},"minecraft:picked_up":{"minecraft:allium":2,"minecraft:azure_bluet":2,"minecraft:anvil":1,"minecraft:flower_pot":15,"minecraft:smithing_table":1,"minecraft:leather":4,"minecraft:fern":1,"minecraft:oak_log":1,"minecraft:cornflower":2,"minecraft:string":8,"minecraft:red_bed":1,"minecraft:blue_orchid":2,"morevillagers:gardening_table":1,"minecraft:wheat_seeds":1,"mysticalagriculture:inferium_essence":1,"minecraft:beef":9,"minecraft:poppy":2,"minecraft:stick":7,"minecraft:dandelion":1,"minecraft:lily_of_the_valley":2,"minecraft:polished_diorite":2,"minecraft:black_banner":1,"minecraft:stripped_dark_oak_log":6,"minecraft:oxeye_daisy":2},"minecraft:killed":{"illagerinvasion:basher":1,"minecraft:zombie":1,"minecraft:cow":4},"minecraft:dropped":{"farmersdelight:tomato_seeds":6,"minecraft:wheat_seeds":1,"minecraft:stripped_dark_oak_log":3,"minecraft:lily_of_the_valley":2,"minecraft:stick":14,"mysticalagriculture:inferium_essence":1,"apotheosis:gem":1,"minecraft:string":4},"minecraft:used":{"minecraft:stone_sword":41,"minecraft:stone_pickaxe":9,"minecraft:crafting_table":1,"minecraft:apple":11,"minecraft:cobblestone":7,"minecraft:beef":3,"alexsmobs:animal_dictionary":2},"minecraft:crafted":{"minecraft:oak_planks":4,"sophisticatedbackpacks:backpack":1,"minecraft:emerald":1,"minecraft:crafting_table":1,"quark:dark_oak_chest":1,"minecraft:stick":8,"minecraft:stone_pickaxe":1,"minecraft:chest":1,"minecraft:dark_oak_planks":12},"minecraft:mined":{"minecraft:smithing_table":1,"minecraft:glass_pane":4,"minecraft:red_bed":1,"minecraft:potted_lily_of_the_valley":2,"minecraft:potted_blue_orchid":2,"minecraft:stone_brick_wall":1,"morevillagers:gardening_table":1,"minecraft:yellow_carpet":1,"minecraft:potted_oxeye_daisy":2,"minecraft:tall_grass":1,"minecraft:polished_diorite":2,"minecraft:oak_planks":1,"minecraft:potted_fern":2,"minecraft:glowstone":1,"minecraft:anvil":1,"minecraft:potted_poppy":2,"minecraft:stone_brick_stairs":1,"minecraft:grass":5,"minecraft:potted_azure_bluet":2,"minecraft:potted_dandelion":2,"minecraft:oak_log":1,"minecraft:cracked_stone_bricks":1,"minecraft:potted_cornflower":2,"minecraft:stone_bricks":1,"minecraft:potted_allium":2}},"DataVersion":3465}