{"stats":{"minecraft:custom":{"minecraft:interact_with_furnace":8,"minecraft:mob_kills":7,"minecraft:traded_with_villager":1,"minecraft:interact_with_crafting_table":17,"minecraft:open_barrel":4,"minecraft:damage_dealt_resisted":2,"minecraft:sleep_in_bed":2,"minecraft:leave_game":2,"minecraft:time_since_death":21675,"minecraft:climb_one_cm":2632,"minecraft:damage_resisted":0,"minecraft:time_since_rest":751,"minecraft:sprint_one_cm":530498,"minecraft:damage_taken":1371,"minecraft:walk_one_cm":521058,"minecraft:trigger_trapped_chest":3,"minecraft:drop":22,"minecraft:damage_dealt":1194,"minecraft:swim_one_cm":30790,"minecraft:talked_to_villager":1,"minecraft:fly_one_cm":401192,"minecraft:open_chest":60,"minecraft:crouch_one_cm":1879,"minecraft:play_time":61961,"minecraft:deaths":4,"minecraft:sneak_time":506,"minecraft:walk_under_water_one_cm":4553,"minecraft:jump":1028,"minecraft:walk_on_water_one_cm":25995,"minecraft:total_world_time":61961,"minecraft:fall_one_cm":99706},"minecraft:picked_up":{"minecraft:crafting_table":1,"minecraft:allium":16,"minecraft:azure_bluet":2,"minecraft:flower_pot":18,"minecraft:anvil":1,"minecraft:fern":1,"minecraft:leather":4,"minecraft:smithing_table":1,"minecraft:stone_brick_wall":3,"minecraft:oak_log":19,"minecraft:cornflower":4,"minecraft:dirt":15,"minecraft:red_bed":1,"minecraft:string":8,"minecraft:item_frame":5,"minecraft:blue_orchid":2,"minecraft:apple":1,"minecraft:stone_bricks":27,"morevillagers:gardening_table":1,"minecraft:wheat_seeds":1,"mysticalagriculture:inferium_essence":2,"delightful:acorn":3,"minecraft:beef":9,"minecraft:iron_nugget":17,"minecraft:poppy":2,"minecraft:oak_planks":4,"minecraft:spruce_trapdoor":3,"biomesoplenty:umbran_log":81,"minecraft:book":6,"minecraft:stick":18,"bakery:strawberry":1,"apotheosis:gem":3,"minecraft:torch":8,"minecraft:dandelion":1,"minecraft:sand":3,"minecraft:barrel":2,"minecraft:lily_of_the_valley":4,"minecraft:polished_diorite":2,"biomesoplenty:umbran_sapling":4,"minecraft:chainmail_leggings":1,"minecraft:black_banner":1,"minecraft:oak_sapling":21,"minecraft:stripped_dark_oak_log":6,"iceandfire:raw_silver":3,"minecraft:oxeye_daisy":2},"minecraft:killed":{"illagerinvasion:basher":1,"minecraft:zombie":2,"minecraft:cow":4},"minecraft:dropped":{"farmersdelight:tomato_seeds":6,"minecraft:wheat_seeds":1,"minecraft:oak_log":1,"minecraft:stripped_dark_oak_log":3,"minecraft:oak_planks":4,"minecraft:lily_of_the_valley":4,"minecraft:stick":14,"minecraft:dirt":8,"minecraft:allium":9,"minecraft:torch":1,"minecraft:cornflower":1,"mysticalagriculture:inferium_essence":1,"apotheosis:gem":1,"minecraft:stone_pickaxe":1,"minecraft:chainmail_leggings":1,"minecraft:string":4},"minecraft:used":{"minecraft:stone_sword":71,"minecraft:stone_pickaxe":12,"minecraft:diamond_hoe":29,"minecraft:torch":17,"farmersdelight:onion":5,"minecraft:dirt":3,"minecraft:anvil":1,"biomesoplenty:umbran_log":28,"minecraft:crafting_table":3,"minecraft:red_bed":1,"minecraft:polished_diorite":2,"morevillagers:gardening_table":1,"biomesoplenty:umbran_planks":123,"minecraft:apple":26,"biomesoplenty:umbran_sapling":1,"minecraft:barrel":5,"minecraft:stone_axe":131,"minecraft:cobblestone":10,"minecraft:beef":3,"minecraft:furnace":1,"minecraft:smithing_table":1,"quark:oak_chest":2,"alexsmobs:animal_dictionary":2,"minecraft:potato":15},"minecraft:mined":{"minecraft:smithing_table":1,"iceandfire:silver_ore":3,"minecraft:glass_pane":4,"minecraft:red_bed":1,"minecraft:potted_lily_of_the_valley":2,"minecraft:potted_blue_orchid":2,"minecraft:dandelion":1,"minecraft:torch":2,"biomesoplenty:bush":4,"minecraft:allium":7,"minecraft:grass_block":9,"minecraft:stone_brick_wall":1,"morevillagers:gardening_table":1,"minecraft:yellow_carpet":1,"minecraft:potted_oxeye_daisy":2,"minecraft:tall_grass":1,"minecraft:polished_diorite":2,"biomesoplenty:dead_grass":1,"minecraft:oak_planks":1,"minecraft:wall_torch":3,"minecraft:potted_fern":2,"minecraft:glowstone":1,"minecraft:barrel":2,"biomesoplenty:umbran_log":86,"minecraft:anvil":1,"minecraft:potted_poppy":2,"minecraft:stone_brick_stairs":1,"minecraft:grass":11,"minecraft:potted_azure_bluet":2,"minecraft:potted_dandelion":2,"minecraft:oak_log":18,"minecraft:sand":3,"biomesoplenty:umbran_leaves":15,"minecraft:cracked_stone_bricks":1,"minecraft:potted_cornflower":2,"minecraft:stone_bricks":1,"minecraft:oak_leaves":79,"minecraft:potted_allium":2},"minecraft:crafted":{"minecraft:cooked_beef":3,"biomesoplenty:umbran_planks":140,"minecraft:oak_planks":24,"sophisticatedbackpacks:backpack":1,"minecraft:emerald":1,"minecraft:crafting_table":2,"minecraft:furnace":1,"minecraft:stone_axe":1,"minecraft:heavy_weighted_pressure_plate":1,"minecraft:cooked_mutton":2,"quark:dark_oak_chest":1,"quark:oak_chest":2,"minecraft:stick":12,"minecraft:stone_pickaxe":1,"minecraft:chest":1,"minecraft:dark_oak_planks":12,"minecraft:torch":12}},"DataVersion":3465}