{"stats":{"minecraft:custom":{"minecraft:time_since_rest":18764,"minecraft:sprint_one_cm":149627,"minecraft:damage_taken":257,"minecraft:walk_one_cm":203725,"minecraft:mob_kills":5,"minecraft:drop":3,"minecraft:damage_dealt":843,"minecraft:traded_with_villager":1,"minecraft:swim_one_cm":3361,"minecraft:interact_with_crafting_table":4,"minecraft:talked_to_villager":1,"minecraft:fly_one_cm":81417,"minecraft:open_barrel":2,"minecraft:open_chest":28,"minecraft:play_time":18764,"minecraft:crouch_one_cm":818,"minecraft:sneak_time":240,"minecraft:walk_under_water_one_cm":1370,"minecraft:jump":276,"minecraft:time_since_death":18764,"minecraft:walk_on_water_one_cm":1732,"minecraft:total_world_time":18764,"minecraft:climb_one_cm":2439,"minecraft:fall_one_cm":19545},"minecraft:picked_up":{"minecraft:allium":2,"minecraft:azure_bluet":2,"minecraft:flower_pot":15,"minecraft:anvil":1,"minecraft:leather":4,"minecraft:fern":1,"minecraft:smithing_table":1,"minecraft:dandelion":1,"minecraft:oak_log":1,"minecraft:lily_of_the_valley":2,"minecraft:cornflower":2,"minecraft:red_bed":1,"minecraft:blue_orchid":2,"morevillagers:gardening_table":1,"minecraft:wheat_seeds":1,"minecraft:beef":9,"minecraft:poppy":2,"minecraft:oxeye_daisy":2},"minecraft:killed":{"minecraft:zombie":1,"minecraft:cow":4},"minecraft:dropped":{"minecraft:wheat_seeds":1,"minecraft:lily_of_the_valley":2,"farmersdelight:tomato_seeds":6},"minecraft:used":{"minecraft:stone_sword":37,"minecraft:apple":6,"minecraft:stone_pickaxe":6,"minecraft:cobblestone":7,"minecraft:beef":3,"alexsmobs:animal_dictionary":2},"minecraft:crafted":{"minecraft:oak_planks":4,"minecraft:emerald":1,"minecraft:stick":8,"minecraft:stone_pickaxe":1},"minecraft:mined":{"minecraft:potted_fern":2,"minecraft:smithing_table":1,"minecraft:glass_pane":4,"minecraft:red_bed":1,"minecraft:potted_lily_of_the_valley":2,"minecraft:potted_blue_orchid":2,"minecraft:anvil":1,"minecraft:potted_poppy":2,"minecraft:stone_brick_stairs":1,"minecraft:grass":5,"minecraft:potted_azure_bluet":2,"minecraft:oak_log":1,"minecraft:potted_dandelion":2,"minecraft:stone_brick_wall":1,"morevillagers:gardening_table":1,"minecraft:yellow_carpet":1,"minecraft:potted_oxeye_daisy":2,"minecraft:tall_grass":1,"minecraft:cracked_stone_bricks":1,"minecraft:potted_cornflower":2,"minecraft:stone_bricks":1,"minecraft:oak_planks":1,"minecraft:potted_allium":2}},"DataVersion":3465}