{"stats":{"minecraft:custom":{"minecraft:open_chest":3,"minecraft:time_since_rest":20893,"minecraft:crouch_one_cm":832,"minecraft:play_time":20893,"minecraft:sprint_one_cm":4048,"minecraft:damage_taken":60,"minecraft:walk_one_cm":64315,"minecraft:sneak_time":57,"minecraft:jump":38,"minecraft:open_bag_of_spoils":1,"minecraft:leave_game":3,"minecraft:time_since_death":20893,"minecraft:total_world_time":20893,"minecraft:climb_one_cm":486,"minecraft:interact_with_crafting_table":2,"minecraft:fall_one_cm":538,"minecraft:fly_one_cm":3426},"minecraft:picked_up":{"blue_skies:bag_of_spoils":1,"minecraft:cooked_porkchop":2,"minecraft:rotten_flesh":1,"minecraft:redstone_lamp":1,"minecraft:torch":1,"minecraft:red_mushroom":1,"minecraft:stripped_dark_oak_log":9},"minecraft:used":{"minecraft:redstone_lamp":1,"blue_skies:bag_of_spoils":1,"minecraft:crafting_table":1,"minecraft:cooked_porkchop":2,"minecraft:rotten_flesh":1},"minecraft:mined":{"minecraft:stripped_dark_oak_log":13,"blue_skies:bag_of_spoils":1},"minecraft:crafted":{"minecraft:dark_oak_planks":16,"minecraft:crafting_table":2,"minecraft:stick":4,"minecraft:wooden_pickaxe":1,"minecraft:wooden_axe":1}},"DataVersion":3465}