{"stats":{"minecraft:custom":{"minecraft:jump":26,"minecraft:open_chest":3,"minecraft:time_since_rest":7289,"minecraft:open_bag_of_spoils":1,"minecraft:crouch_one_cm":764,"minecraft:sprint_one_cm":3753,"minecraft:leave_game":1,"minecraft:play_time":7289,"minecraft:damage_taken":60,"minecraft:time_since_death":7289,"minecraft:walk_one_cm":47911,"minecraft:sneak_time":49,"minecraft:climb_one_cm":486,"minecraft:total_world_time":7289,"minecraft:fall_one_cm":269,"minecraft:fly_one_cm":3226},"minecraft:picked_up":{"minecraft:rotten_flesh":1},"minecraft:used":{"blue_skies:bag_of_spoils":1,"minecraft:rotten_flesh":1},"minecraft:mined":{"blue_skies:bag_of_spoils":1}},"DataVersion":3465}