{"stats":{"minecraft:custom":{"minecraft:interact_with_furnace":29,"minecraft:mob_kills":8,"minecraft:interact_with_crafting_table":13,"minecraft:damage_dealt_resisted":0,"minecraft:leave_game":4,"minecraft:time_since_death":45465,"minecraft:climb_one_cm":536,"minecraft:time_since_rest":45465,"minecraft:sprint_one_cm":63011,"minecraft:damage_taken":557,"minecraft:walk_one_cm":254366,"minecraft:damage_blocked_by_shield":255,"minecraft:drop":18,"minecraft:damage_dealt":1214,"minecraft:fly_one_cm":132905,"minecraft:open_chest":3,"minecraft:crouch_one_cm":3695,"minecraft:play_time":45465,"minecraft:sneak_time":474,"minecraft:walk_under_water_one_cm":2783,"minecraft:jump":745,"minecraft:open_bag_of_spoils":2,"minecraft:walk_on_water_one_cm":9631,"minecraft:total_world_time":45465,"minecraft:fall_one_cm":18467},"minecraft:picked_up":{"minecraft:crafting_table":1,"minecraft:andesite":1,"minecraft:redstone_lamp":1,"minecraft:red_mushroom":2,"minecraft:lapis_lazuli":6,"minecraft:dirt":35,"minecraft:wheat_seeds":2,"minecraft:iron_ingot":1,"minecraft:stone_pickaxe":2,"minecraft:furnace":3,"blue_skies:bag_of_spoils":2,"minecraft:raw_iron":54,"minecraft:sandstone":6,"apotheosis:gem":1,"minecraft:cooked_porkchop":3,"magistuarmory:rustedchainmail_chestplate":1,"minecraft:torch":1,"mysticalagriculture:prosperity_shard":5,"minecraft:diorite":3,"minecraft:spruce_log":3,"magistuarmory:rustedcrusader_chestplate":1,"minecraft:arrow":2,"minecraft:rotten_flesh":2,"minecraft:granite":4,"minecraft:stripped_dark_oak_log":9,"minecraft:coal":190,"iceandfire:raw_silver":30,"minecraft:cobblestone":64},"minecraft:killed":{"enemyexpansion:direwolf":1,"minecraft:zombie":2},"minecraft:dropped":{"minecraft:wheat_seeds":2,"minecraft:cooked_porkchop":1,"minecraft:raw_iron":1,"minecraft:rotten_flesh":1,"minecraft:granite":4,"minecraft:red_mushroom":2,"minecraft:diorite":3,"minecraft:andesite":1,"minecraft:wooden_axe":1,"minecraft:sandstone":3,"minecraft:stone_pickaxe":4,"minecraft:wooden_pickaxe":1},"minecraft:used":{"iceandfire:silver_sword":29,"minecraft:stone_shovel":25,"minecraft:stone_pickaxe":177,"minecraft:shield":4,"minecraft:wooden_pickaxe":7,"minecraft:sandstone":3,"minecraft:rotten_flesh":1,"minecraft:torch":67,"minecraft:crafting_table":5,"minecraft:bread":10,"minecraft:iron_pickaxe":139,"minecraft:stone_axe":5,"minecraft:redstone_lamp":1,"minecraft:cobblestone":12,"blue_skies:bag_of_spoils":2,"minecraft:furnace":8,"minecraft:cooked_porkchop":5,"alexsmobs:animal_dictionary":1},"minecraft:crafted":{"minecraft:stone_shovel":1,"iceandfire:silver_ingot":14,"minecraft:crafting_table":5,"minecraft:spruce_planks":12,"minecraft:wooden_pickaxe":1,"minecraft:furnace":5,"minecraft:stone_axe":1,"minecraft:air":0,"iceandfire:armor_silver_metal_chestplate":1,"minecraft:shield":1,"minecraft:stick":28,"minecraft:iron_ingot":7,"minecraft:iron_pickaxe":1,"minecraft:stone_pickaxe":2,"minecraft:wooden_axe":1,"minecraft:dark_oak_planks":36,"minecraft:torch":52,"iceandfire:silver_sword":1},"minecraft:mined":{"mysticalagriculture:prosperity_ore":3,"iceandfire:silver_ore":30,"minecraft:stripped_dark_oak_log":13,"minecraft:crafting_table":1,"minecraft:glow_lichen":2,"minecraft:granite":2,"minecraft:grass_block":25,"minecraft:lapis_ore":1,"blue_skies:bag_of_spoils":2,"minecraft:diorite":3,"minecraft:sandstone":8,"minecraft:furnace":3,"minecraft:iron_ore":54,"minecraft:spruce_log":3,"minecraft:andesite":1,"minecraft:grass":1,"minecraft:coal_ore":145,"minecraft:dirt":10,"minecraft:stone":67}},"DataVersion":3465}