{"stats":{"minecraft:custom":{"minecraft:interact_with_furnace":19,"minecraft:mob_kills":5,"minecraft:interact_with_crafting_table":11,"minecraft:damage_dealt_resisted":0,"minecraft:leave_game":4,"minecraft:time_since_death":39465,"minecraft:climb_one_cm":536,"minecraft:time_since_rest":39465,"minecraft:sprint_one_cm":32469,"minecraft:damage_taken":310,"minecraft:walk_one_cm":197951,"minecraft:drop":18,"minecraft:damage_dealt":918,"minecraft:fly_one_cm":60478,"minecraft:open_chest":3,"minecraft:crouch_one_cm":2702,"minecraft:play_time":39465,"minecraft:sneak_time":380,"minecraft:walk_under_water_one_cm":962,"minecraft:jump":442,"minecraft:open_bag_of_spoils":2,"minecraft:walk_on_water_one_cm":6061,"minecraft:total_world_time":39465,"minecraft:fall_one_cm":9167},"minecraft:picked_up":{"minecraft:andesite":1,"minecraft:redstone_lamp":1,"minecraft:red_mushroom":2,"minecraft:dirt":35,"minecraft:wheat_seeds":2,"minecraft:iron_ingot":1,"minecraft:stone_pickaxe":2,"minecraft:furnace":1,"blue_skies:bag_of_spoils":2,"minecraft:raw_iron":21,"minecraft:sandstone":6,"apotheosis:gem":1,"minecraft:cooked_porkchop":3,"magistuarmory:rustedchainmail_chestplate":1,"minecraft:torch":1,"minecraft:diorite":3,"minecraft:spruce_log":3,"magistuarmory:rustedcrusader_chestplate":1,"minecraft:rotten_flesh":2,"minecraft:granite":4,"minecraft:stripped_dark_oak_log":9,"minecraft:coal":163,"iceandfire:raw_silver":19,"minecraft:cobblestone":39},"minecraft:killed":{"enemyexpansion:direwolf":1,"minecraft:zombie":2},"minecraft:dropped":{"minecraft:wheat_seeds":2,"minecraft:cooked_porkchop":1,"minecraft:raw_iron":1,"minecraft:rotten_flesh":1,"minecraft:granite":4,"minecraft:red_mushroom":2,"minecraft:diorite":3,"minecraft:andesite":1,"minecraft:wooden_axe":1,"minecraft:sandstone":3,"minecraft:stone_pickaxe":4,"minecraft:wooden_pickaxe":1},"minecraft:used":{"iceandfire:silver_sword":22,"minecraft:stone_shovel":25,"minecraft:stone_pickaxe":177,"minecraft:wooden_pickaxe":7,"minecraft:sandstone":3,"minecraft:rotten_flesh":1,"minecraft:torch":39,"minecraft:crafting_table":4,"minecraft:bread":3,"minecraft:iron_pickaxe":38,"minecraft:stone_axe":4,"minecraft:redstone_lamp":1,"minecraft:cobblestone":8,"blue_skies:bag_of_spoils":2,"minecraft:furnace":3,"minecraft:cooked_porkchop":4,"alexsmobs:animal_dictionary":1},"minecraft:crafted":{"minecraft:stone_shovel":1,"iceandfire:silver_ingot":14,"minecraft:crafting_table":5,"minecraft:spruce_planks":12,"minecraft:wooden_pickaxe":1,"minecraft:furnace":2,"minecraft:stone_axe":1,"minecraft:air":0,"iceandfire:armor_silver_metal_chestplate":1,"minecraft:shield":1,"minecraft:stick":24,"minecraft:iron_ingot":7,"minecraft:iron_pickaxe":1,"minecraft:stone_pickaxe":2,"minecraft:wooden_axe":1,"minecraft:dark_oak_planks":36,"minecraft:torch":28,"iceandfire:silver_sword":1},"minecraft:mined":{"iceandfire:silver_ore":19,"minecraft:stripped_dark_oak_log":13,"minecraft:glow_lichen":2,"minecraft:granite":2,"minecraft:grass_block":25,"blue_skies:bag_of_spoils":2,"minecraft:diorite":3,"minecraft:sandstone":8,"minecraft:furnace":1,"minecraft:iron_ore":20,"minecraft:spruce_log":3,"minecraft:andesite":1,"minecraft:grass":1,"minecraft:coal_ore":120,"minecraft:dirt":10,"minecraft:stone":42}},"DataVersion":3465}