{"stats":{"minecraft:custom":{"minecraft:time_since_rest":27465,"minecraft:interact_with_furnace":1,"minecraft:sprint_one_cm":7973,"minecraft:damage_taken":180,"minecraft:walk_one_cm":111580,"minecraft:interact_with_crafting_table":4,"minecraft:fly_one_cm":8190,"minecraft:open_chest":3,"minecraft:crouch_one_cm":1274,"minecraft:play_time":27465,"minecraft:sneak_time":120,"minecraft:jump":108,"minecraft:open_bag_of_spoils":1,"minecraft:leave_game":4,"minecraft:time_since_death":27465,"minecraft:climb_one_cm":536,"minecraft:total_world_time":27465,"minecraft:fall_one_cm":3046},"minecraft:picked_up":{"blue_skies:bag_of_spoils":1,"minecraft:cooked_porkchop":2,"minecraft:redstone_lamp":1,"minecraft:torch":1,"minecraft:red_mushroom":1,"minecraft:diorite":2,"minecraft:dirt":10,"minecraft:rotten_flesh":1,"minecraft:wheat_seeds":1,"minecraft:granite":2,"minecraft:stripped_dark_oak_log":9,"minecraft:coal":46,"iceandfire:raw_silver":4,"minecraft:cobblestone":22},"minecraft:used":{"minecraft:bread":2,"minecraft:stone_pickaxe":71,"minecraft:wooden_pickaxe":7,"minecraft:rotten_flesh":1,"minecraft:torch":9,"minecraft:redstone_lamp":1,"minecraft:cobblestone":3,"blue_skies:bag_of_spoils":1,"minecraft:crafting_table":3,"minecraft:furnace":1,"minecraft:cooked_porkchop":2,"alexsmobs:animal_dictionary":1},"minecraft:crafted":{"minecraft:crafting_table":4,"minecraft:stick":8,"minecraft:wooden_pickaxe":1,"minecraft:stone_pickaxe":1,"minecraft:wooden_axe":1,"minecraft:furnace":1,"minecraft:dark_oak_planks":36,"minecraft:stone_axe":1},"minecraft:mined":{"iceandfire:silver_ore":4,"minecraft:stripped_dark_oak_log":13,"minecraft:granite":2,"minecraft:coal_ore":46,"minecraft:grass_block":3,"minecraft:dirt":7,"minecraft:stone":24,"blue_skies:bag_of_spoils":1,"minecraft:diorite":2}},"DataVersion":3465}