{"stats":{"minecraft:custom":{"minecraft:time_since_rest":13289,"minecraft:open_chest":3,"minecraft:crouch_one_cm":832,"minecraft:play_time":13289,"minecraft:sprint_one_cm":4048,"minecraft:damage_taken":60,"minecraft:walk_one_cm":60593,"minecraft:sneak_time":57,"minecraft:jump":32,"minecraft:open_bag_of_spoils":1,"minecraft:leave_game":1,"minecraft:time_since_death":13289,"minecraft:total_world_time":13289,"minecraft:climb_one_cm":486,"minecraft:interact_with_crafting_table":1,"minecraft:fall_one_cm":269,"minecraft:fly_one_cm":3321},"minecraft:picked_up":{"minecraft:cooked_porkchop":2,"minecraft:rotten_flesh":1,"minecraft:redstone_lamp":1,"minecraft:torch":1,"minecraft:red_mushroom":1,"minecraft:stripped_dark_oak_log":7,"blue_skies:bag_of_spoils":1},"minecraft:used":{"minecraft:rotten_flesh":1,"minecraft:redstone_lamp":1,"blue_skies:bag_of_spoils":1,"minecraft:crafting_table":1,"minecraft:cooked_porkchop":2},"minecraft:mined":{"minecraft:stripped_dark_oak_log":11,"blue_skies:bag_of_spoils":1},"minecraft:crafted":{"minecraft:dark_oak_planks":12,"minecraft:crafting_table":2}},"DataVersion":3465}