{"stats":{"minecraft:custom":{"minecraft:interact_with_furnace":84,"minecraft:mob_kills":10,"minecraft:interact_with_crafting_table":19,"minecraft:damage_dealt_resisted":0,"minecraft:leave_game":4,"minecraft:time_since_death":51465,"minecraft:climb_one_cm":536,"minecraft:time_since_rest":51465,"minecraft:sprint_one_cm":80353,"minecraft:damage_taken":584,"minecraft:walk_one_cm":294795,"minecraft:damage_blocked_by_shield":255,"minecraft:drop":22,"minecraft:damage_dealt":1630,"minecraft:swim_one_cm":323,"minecraft:fly_one_cm":161754,"minecraft:open_chest":3,"minecraft:crouch_one_cm":3695,"minecraft:play_time":51465,"minecraft:sneak_time":474,"minecraft:walk_under_water_one_cm":3064,"minecraft:jump":864,"minecraft:open_bag_of_spoils":8,"minecraft:walk_on_water_one_cm":10424,"minecraft:total_world_time":51465,"minecraft:fall_one_cm":21639},"minecraft:picked_up":{"minecraft:crafting_table":1,"minecraft:andesite":1,"minecraft:redstone_lamp":1,"minecraft:red_mushroom":2,"minecraft:lapis_lazuli":6,"minecraft:dirt":35,"minecraft:wheat_seeds":2,"mysticalagriculture:inferium_essence":1,"minecraft:iron_ingot":1,"minecraft:stone_pickaxe":2,"minecraft:furnace":8,"blue_skies:bag_of_spoils":3,"minecraft:raw_iron":65,"minecraft:sandstone":7,"apotheosis:gem":1,"minecraft:cooked_porkchop":3,"magistuarmory:rustedchainmail_chestplate":1,"minecraft:torch":2,"mysticalagriculture:prosperity_shard":5,"minecraft:spruce_sapling":3,"minecraft:diorite":3,"minecraft:spruce_log":10,"magistuarmory:rustedcrusader_chestplate":1,"minecraft:arrow":2,"minecraft:rotten_flesh":2,"minecraft:granite":4,"minecraft:stripped_dark_oak_log":9,"minecraft:coal":262,"iceandfire:raw_silver":32,"minecraft:cobblestone":65},"minecraft:killed":{"enemyexpansion:direwolf":1,"minecraft:zombie":4},"minecraft:dropped":{"minecraft:wheat_seeds":2,"minecraft:cooked_porkchop":1,"magistuarmory:rustedcrusader_chestplate":1,"minecraft:raw_iron":1,"minecraft:rotten_flesh":1,"minecraft:granite":4,"minecraft:red_mushroom":2,"minecraft:diorite":3,"mysticalagriculture:inferium_essence":1,"minecraft:andesite":1,"minecraft:wooden_axe":1,"minecraft:sandstone":4,"minecraft:stone_pickaxe":4,"minecraft:wooden_pickaxe":1,"minecraft:spruce_sapling":3},"minecraft:used":{"iceandfire:silver_sword":40,"minecraft:stone_shovel":25,"minecraft:stone_pickaxe":177,"minecraft:shield":4,"minecraft:wooden_pickaxe":7,"minecraft:sandstone":3,"minecraft:rotten_flesh":1,"minecraft:iron_chestplate":1,"minecraft:torch":78,"iceandfire:armor_silver_metal_boots":1,"minecraft:crafting_table":5,"iceandfire:armor_silver_metal_helmet":1,"minecraft:bread":11,"minecraft:iron_pickaxe":173,"iceandfire:armor_silver_metal_leggings":1,"minecraft:stone_axe":12,"minecraft:redstone_lamp":1,"minecraft:cobblestone":12,"blue_skies:bag_of_spoils":3,"minecraft:furnace":8,"minecraft:cooked_porkchop":6,"alexsmobs:animal_dictionary":1},"minecraft:crafted":{"minecraft:stone_shovel":1,"iceandfire:silver_ingot":30,"minecraft:crafting_table":5,"minecraft:spruce_planks":40,"minecraft:wooden_pickaxe":1,"minecraft:furnace":5,"minecraft:stone_axe":1,"minecraft:air":0,"iceandfire:armor_silver_metal_helmet":1,"iceandfire:armor_silver_metal_chestplate":1,"minecraft:iron_chestplate":1,"minecraft:shield":1,"iceandfire:armor_silver_metal_leggings":1,"minecraft:stick":40,"minecraft:iron_ingot":53,"minecraft:iron_pickaxe":1,"minecraft:stone_pickaxe":2,"minecraft:wooden_axe":1,"iceandfire:armor_silver_metal_boots":1,"minecraft:dark_oak_planks":36,"minecraft:torch":84,"iceandfire:silver_sword":1},"minecraft:mined":{"mysticalagriculture:prosperity_ore":3,"iceandfire:silver_ore":32,"minecraft:stripped_dark_oak_log":13,"minecraft:crafting_table":1,"minecraft:torch":1,"minecraft:glow_lichen":2,"minecraft:granite":2,"minecraft:grass_block":25,"minecraft:lapis_ore":1,"blue_skies:bag_of_spoils":3,"minecraft:diorite":3,"minecraft:sandstone":9,"minecraft:furnace":8,"minecraft:iron_ore":65,"minecraft:spruce_log":10,"minecraft:andesite":1,"minecraft:grass":1,"minecraft:coal_ore":156,"minecraft:dirt":10,"minecraft:stone":69}},"DataVersion":3465}