{"stats":{"minecraft:custom":{"minecraft:time_since_rest":33465,"minecraft:interact_with_furnace":15,"minecraft:sprint_one_cm":19090,"minecraft:damage_taken":225,"minecraft:walk_one_cm":141254,"minecraft:drop":7,"minecraft:damage_dealt":44,"minecraft:interact_with_crafting_table":8,"minecraft:fly_one_cm":23420,"minecraft:open_chest":3,"minecraft:crouch_one_cm":2431,"minecraft:play_time":33465,"minecraft:sneak_time":314,"minecraft:walk_under_water_one_cm":885,"minecraft:jump":220,"minecraft:open_bag_of_spoils":2,"minecraft:walk_on_water_one_cm":1886,"minecraft:leave_game":4,"minecraft:time_since_death":33465,"minecraft:climb_one_cm":536,"minecraft:total_world_time":33465,"minecraft:fall_one_cm":5045},"minecraft:picked_up":{"blue_skies:bag_of_spoils":2,"minecraft:raw_iron":9,"minecraft:sandstone":6,"minecraft:cooked_porkchop":3,"minecraft:redstone_lamp":1,"minecraft:torch":1,"minecraft:red_mushroom":1,"minecraft:diorite":3,"minecraft:spruce_log":3,"minecraft:dirt":35,"minecraft:rotten_flesh":1,"minecraft:wheat_seeds":1,"minecraft:stone_pickaxe":1,"minecraft:granite":2,"minecraft:stripped_dark_oak_log":9,"minecraft:coal":104,"iceandfire:raw_silver":14,"minecraft:cobblestone":34,"minecraft:furnace":1},"minecraft:dropped":{"minecraft:wheat_seeds":1,"minecraft:diorite":3,"minecraft:cooked_porkchop":1,"minecraft:granite":2,"minecraft:stone_pickaxe":2,"minecraft:red_mushroom":1},"minecraft:used":{"minecraft:stone_shovel":25,"minecraft:bread":3,"minecraft:stone_pickaxe":133,"minecraft:wooden_pickaxe":7,"minecraft:rotten_flesh":1,"minecraft:stone_axe":4,"minecraft:torch":15,"minecraft:redstone_lamp":1,"minecraft:cobblestone":3,"blue_skies:bag_of_spoils":2,"minecraft:crafting_table":4,"minecraft:furnace":3,"minecraft:cooked_porkchop":3,"alexsmobs:animal_dictionary":1},"minecraft:mined":{"minecraft:furnace":1,"iceandfire:silver_ore":14,"minecraft:iron_ore":9,"minecraft:stripped_dark_oak_log":13,"minecraft:spruce_log":3,"minecraft:glow_lichen":2,"minecraft:granite":2,"minecraft:grass":1,"minecraft:coal_ore":61,"minecraft:grass_block":25,"minecraft:dirt":10,"minecraft:stone":37,"blue_skies:bag_of_spoils":2,"minecraft:diorite":3,"minecraft:sandstone":8},"minecraft:crafted":{"iceandfire:armor_silver_metal_chestplate":1,"minecraft:stone_shovel":1,"iceandfire:silver_ingot":14,"minecraft:crafting_table":5,"minecraft:stick":16,"minecraft:wooden_pickaxe":1,"minecraft:stone_pickaxe":2,"minecraft:wooden_axe":1,"minecraft:furnace":2,"minecraft:torch":12,"minecraft:dark_oak_planks":36,"iceandfire:silver_sword":1,"minecraft:stone_axe":1,"minecraft:air":0}},"DataVersion":3465}