{"stats":{"minecraft:killed":{"minecraft:cow":1},"minecraft:picked_up":{"minecraft:beef":1},"minecraft:custom":{"minecraft:jump":17,"minecraft:time_since_rest":9368,"minecraft:damage_dealt":100,"minecraft:crouch_one_cm":69,"minecraft:leave_game":1,"minecraft:play_time":9368,"minecraft:sprint_one_cm":6406,"minecraft:time_since_death":9368,"minecraft:walk_one_cm":7845,"minecraft:sneak_time":3,"minecraft:total_world_time":9368,"minecraft:mob_kills":1,"minecraft:fall_one_cm":627,"minecraft:fly_one_cm":9650}},"DataVersion":3465}