{"stats":{"minecraft:custom":{"minecraft:mob_kills":75,"minecraft:interact_with_crafting_table":13,"minecraft:open_barrel":10,"minecraft:damage_dealt_resisted":0,"minecraft:leave_game":14,"minecraft:time_since_death":27045,"minecraft:climb_one_cm":12178,"minecraft:damage_resisted":0,"minecraft:sprint_one_cm":575216,"minecraft:walk_one_cm":678690,"minecraft:drop":53,"minecraft:damage_dealt_absorbed":10167,"minecraft:talked_to_villager":1,"minecraft:play_time":193704,"minecraft:deaths":3,"minecraft:sneak_time":2142,"minecraft:walk_under_water_one_cm":6812,"minecraft:jump":1890,"minecraft:walk_on_water_one_cm":38887,"minecraft:total_world_time":193704,"minecraft:interact_with_furnace":3,"minecraft:sleep_in_bed":1,"minecraft:time_since_rest":27061,"minecraft:waystone_activated":2,"minecraft:damage_taken":1803,"minecraft:damage_dealt":52578,"minecraft:swim_one_cm":44395,"minecraft:fly_one_cm":900454,"minecraft:player_kills":2,"minecraft:open_chest":49,"minecraft:crouch_one_cm":24915,"minecraft:aviate_one_cm":352755,"minecraft:fall_one_cm":22811,"minecraft:horse_one_cm":186},"minecraft:picked_up":{"minecraft:crafting_table":4,"minecraft:wheat":2,"minecraft:wooden_pickaxe":1,"minecraft:oak_trapdoor":1,"minecraft:raw_copper":5,"minecraft:iron_axe":2,"minecraft:wooden_sword":1,"minecraft:smooth_stone_slab":1,"minecraft:iron_leggings":1,"minecraft:item_frame":9,"magistuarmory:stone_zweihander":1,"minecraft:iron_shovel":1,"minecraft:cyan_carpet":12,"minecraft:sea_pickle":2,"minecraft:diamond_leggings":1,"mysticalagriculture:inferium_essence":14,"minecraft:cobbled_deepslate":2,"minecraft:spruce_planks":2,"minecraft:rose_bush":6,"minecraft:spruce_slab":1,"minecraft:poppy":49,"minecraft:iron_pickaxe":2,"blue_skies:frostbright_stairs":3,"delightful:green_tea_leaf":2,"minecraft:sugar_cane":2,"minecraft:chest":1,"minecraft:spruce_trapdoor":3,"minecraft:raw_iron":8,"minecraft:stick":3,"apotheosis:rare_material":64,"apotheosis:gem":9,"minecraft:torch":3,"epicfight:diamond_greatsword":1,"minecraft:spruce_stairs":3,"minecraft:villager_spawn_egg":1,"minecraft:diorite":17,"origins:orb_of_origin":1,"minecraft:diamond_chestplate":2,"minecraft:command_block":1,"minecraft:stone_sword":1,"minecraft:arrow":2,"minecraft:rotten_flesh":5,"minecraft:diamond_boots":2,"minecraft:hay_block":5,"coinsje:diamond_coin":47,"minecraft:brick_stairs":1,"minecraft:mutton":6,"minecraft:white_wool":5,"minecraft:cobblestone":408,"minecraft:feather":1,"minecraft:lilac":1,"minecraft:red_mushroom":2,"minecraft:potato":2,"biomesoplenty:fir_sapling":3,"doggytalents:rice_grains":10,"biomesoplenty:fir_log":15,"minecraft:oak_log":11,"minecraft:gunpowder":1,"farmersdelight:carrot_crate":1,"minecraft:dirt":93,"armourers_workshop:skin":26,"minecraft:leather_boots":1,"magistuarmory:stone_bastardsword":1,"minecraft:stone_bricks":1,"minecraft:bow":1,"minecraft:wheat_seeds":10,"ftbquests:book":1,"minecraft:iron_ingot":176,"minecraft:diamond_helmet":1,"apotheosis:mythic_material":1,"minecraft:gray_bed":1,"apotheosis:gem_dust":192,"minecraft:iron_sword":5,"minecraft:oak_planks":2,"minecraft:book":12,"minecraft:black_candle":12,"minecraft:sweet_berries":8,"blue_skies:frostbright_trapdoor":2,"apotheosis:uncommon_material":64,"minecraft:spruce_sapling":3,"minecraft:spruce_log":14,"magistuarmory:rustedchainmail_leggings":2,"minecraft:spruce_door":1,"minecraft:spider_eye":1,"epicfight:diamond_longsword":1,"magistuarmory:rusted_bastardsword":2,"minecraft:iron_helmet":2,"botania:orange_mystical_flower":1,"minecraft:granite":27,"minecraft:bread":42,"iceandfire:raw_silver":8,"minecraft:oak_leaves":1,"minecraft:coal":6,"minecraft:diamond_pickaxe":1,"minecraft:sunflower":5},"minecraft:broken":{"minecraft:stone_pickaxe":4,"minecraft:leather_boots":1},"minecraft:killed":{"minecraft:spider":2,"minecraft:skeleton":1,"minecraft:iron_golem":60,"minecraft:sheep":3,"minecraft:zombie":3,"minecraft:player":2,"minecraft:villager":6},"minecraft:dropped":{"minecraft:bread":8,"minecraft:lilac":1,"minecraft:crafting_table":4,"minecraft:cooked_porkchop":5,"minecraft:spruce_stairs":1,"minecraft:red_mushroom":2,"minecraft:item_frame":9,"minecraft:dirt":26,"origins:orb_of_origin":5,"relics:holy_locket":1,"magistuarmory:rusted_bastardsword":2,"strictly_origins:damaged_durendal":1,"minecraft:cyan_carpet":7,"magistuarmory:rustedchainmail_leggings":2,"blue_skies:frostbright_stairs":2,"blue_skies:frostbright_trapdoor":1,"minecraft:spruce_trapdoor":3,"mysticalagriculture:inferium_essence":1,"doggytalents:rice_grains":3,"minecraft:spruce_slab":1,"minecraft:written_book":1},"minecraft:used":{"minecraft:stone_sword":6,"minecraft:ladder":4,"minecraft:spruce_planks":2,"minecraft:torch":12,"minecraft:dirt":15,"minecraft:wooden_axe":36,"quark:spruce_chest":2,"minecraft:stone_bricks":15,"minecraft:bow":17,"minecraft:written_book":1,"minecraft:furnace":1,"minecraft:gray_bed":1,"minecraft:diorite":7,"minecraft:spruce_door":1,"apotheosis:simple_reforging_table":1,"minecraft:stone_pickaxe":475,"minecraft:oak_planks":1,"minecraft:wooden_pickaxe":13,"minecraft:white_wool":1,"minecraft:crafting_table":5,"minecraft:oak_log":3,"minecraft:bread":42,"minecraft:map":1,"apotheosis:reforging_table":1,"minecraft:stone_axe":34,"minecraft:diamond_sword":69,"minecraft:cobblestone":3,"minecraft:black_candle":6,"minecraft:experience_bottle":14},"minecraft:crafted":{"minecraft:furnace":1,"minecraft:stone_pickaxe":5,"quark:spruce_chest":2,"minecraft:crafting_table":6,"minecraft:spruce_planks":56,"minecraft:wooden_pickaxe":1,"minecraft:stone_axe":1,"minecraft:air":0,"biomesoplenty:fir_planks":44,"minecraft:stick":20,"minecraft:iron_pickaxe":1,"minecraft:iron_ingot":6,"minecraft:wooden_axe":1,"minecraft:stone_sword":1,"minecraft:torch":12},"minecraft:mined":{"minecraft:spruce_planks":2,"minecraft:oak_sapling":1,"iceandfire:silver_ore":8,"minecraft:granite":27,"minecraft:grass_block":56,"minecraft:spruce_leaves":3,"minecraft:red_mushroom":1,"minecraft:hay_block":5,"minecraft:iron_ore":8,"minecraft:bookshelf":4,"minecraft:vine":2,"minecraft:black_candle":6,"minecraft:stone":408,"minecraft:white_wool":1,"minecraft:green_wool":1,"minecraft:spruce_slab":2,"botania:orange_mystical_flower":1,"minecraft:glass_pane":2,"minecraft:medium_amethyst_bud":1,"minecraft:rose_bush":6,"minecraft:copper_ore":2,"minecraft:tall_grass":7,"biomesoplenty:sprout":3,"minecraft:sugar_cane":1,"minecraft:diorite":17,"minecraft:wall_torch":1,"minecraft:spruce_stairs":2,"minecraft:sea_pickle":1,"minecraft:sweet_berry_bush":1,"minecraft:lilac":1,"minecraft:gray_bed":1,"minecraft:spruce_log":16,"biomesoplenty:fir_log":15,"minecraft:grass":47,"minecraft:oak_log":13,"minecraft:coal_ore":4,"biomesoplenty:fir_leaves":1,"minecraft:sunflower":6,"minecraft:cyan_carpet":3,"minecraft:dirt":12,"minecraft:deepslate":2,"minecraft:oak_leaves":6,"minecraft:fern":7}},"DataVersion":3465}