{"stats":{"minecraft:custom":{"minecraft:mob_kills":81,"minecraft:interact_with_crafting_table":25,"minecraft:open_barrel":10,"minecraft:damage_dealt_resisted":0,"minecraft:leave_game":17,"minecraft:time_since_death":65728,"minecraft:climb_one_cm":12178,"minecraft:damage_resisted":0,"minecraft:sprint_one_cm":719286,"minecraft:walk_one_cm":818275,"minecraft:drop":53,"minecraft:damage_dealt_absorbed":10167,"minecraft:talked_to_villager":1,"minecraft:play_time":232387,"minecraft:sneak_time":2373,"minecraft:deaths":3,"minecraft:walk_under_water_one_cm":7036,"minecraft:jump":2730,"minecraft:walk_on_water_one_cm":42932,"minecraft:total_world_time":232387,"minecraft:interact_with_furnace":3,"minecraft:sleep_in_bed":1,"minecraft:time_since_rest":65744,"minecraft:waystone_activated":2,"minecraft:damage_taken":2419,"minecraft:damage_dealt":53617,"minecraft:player_kills":2,"minecraft:swim_one_cm":46310,"minecraft:fly_one_cm":1173326,"minecraft:open_chest":63,"minecraft:crouch_one_cm":27166,"minecraft:aviate_one_cm":352755,"minecraft:fall_one_cm":35836,"minecraft:horse_one_cm":186},"minecraft:picked_up":{"minecraft:crafting_table":5,"minecraft:wheat":2,"minecraft:wooden_pickaxe":1,"minecraft:oak_trapdoor":1,"minecraft:raw_copper":5,"minecraft:iron_axe":2,"minecraft:wooden_sword":1,"minecraft:smooth_stone_slab":1,"minecraft:iron_leggings":1,"minecraft:item_frame":9,"magistuarmory:stone_zweihander":1,"minecraft:iron_shovel":1,"minecraft:cyan_carpet":12,"minecraft:sea_pickle":2,"quark:spruce_chest":2,"irons_spellbooks:arcane_essence":2,"minecraft:diamond_leggings":1,"mysticalagriculture:inferium_essence":16,"minecraft:cobbled_deepslate":27,"minecraft:spruce_planks":2,"minecraft:rose_bush":6,"minecraft:poppy":49,"minecraft:iron_pickaxe":2,"minecraft:spruce_slab":1,"blue_skies:frostbright_stairs":3,"delightful:green_tea_leaf":2,"minecraft:sugar_cane":2,"minecraft:chest":1,"minecraft:spruce_trapdoor":3,"minecraft:stick":3,"minecraft:raw_iron":36,"apotheosis:gem":9,"apotheosis:rare_material":64,"minecraft:torch":3,"epicfight:diamond_greatsword":1,"minecraft:spruce_stairs":3,"minecraft:villager_spawn_egg":1,"minecraft:diorite":34,"origins:orb_of_origin":1,"minecraft:stone_sword":1,"minecraft:rotten_flesh":5,"minecraft:arrow":4,"minecraft:diamond_chestplate":2,"minecraft:command_block":1,"minecraft:hay_block":5,"minecraft:diamond_boots":2,"supplementaries:antique_ink":3,"coinsje:diamond_coin":47,"supplementaries:ash":3,"minecraft:brick_stairs":1,"minecraft:mutton":6,"minecraft:white_wool":5,"minecraft:cobblestone":672,"minecraft:feather":1,"minecraft:lilac":1,"minecraft:golden_leggings":1,"minecraft:red_mushroom":2,"minecraft:potato":2,"biomesoplenty:fir_sapling":3,"doggytalents:rice_grains":10,"biomesoplenty:fir_log":15,"minecraft:oak_log":11,"supplementaries:flax_seeds":4,"minecraft:gunpowder":2,"farmersdelight:carrot_crate":1,"minecraft:dirt":97,"armourers_workshop:skin":26,"minecraft:leather_boots":1,"magistuarmory:stone_bastardsword":1,"minecraft:stone_bricks":1,"minecraft:bow":1,"minecraft:wheat_seeds":10,"minecraft:raw_gold":2,"ftbquests:book":1,"minecraft:iron_ingot":176,"minecraft:diamond_helmet":1,"apotheosis:mythic_material":1,"apotheosis:gem_dust":192,"minecraft:gray_bed":1,"minecraft:iron_sword":5,"minecraft:oak_planks":2,"minecraft:book":12,"minecraft:black_candle":12,"minecraft:sweet_berries":8,"blue_skies:frostbright_trapdoor":2,"minecraft:gravel":1,"apotheosis:uncommon_material":64,"minecraft:spruce_sapling":3,"minecraft:spruce_log":19,"minecraft:lily_of_the_valley":1,"magistuarmory:rustedchainmail_leggings":2,"minecraft:spruce_door":1,"minecraft:spider_eye":1,"epicfight:diamond_longsword":1,"magistuarmory:rusted_bastardsword":2,"botania:orange_mystical_flower":1,"minecraft:iron_helmet":2,"minecraft:granite":44,"minecraft:bread":42,"minecraft:oak_leaves":1,"minecraft:coal":18,"iceandfire:raw_silver":21,"minecraft:diamond_pickaxe":1,"minecraft:sunflower":5},"minecraft:broken":{"minecraft:stone_pickaxe":5,"minecraft:leather_boots":1},"minecraft:killed":{"minecraft:spider":2,"enemyexpansion:direwolf":1,"minecraft:skeleton":4,"minecraft:iron_golem":60,"irons_spellbooks:necromancer":1,"minecraft:sheep":3,"minecraft:zombie":4,"minecraft:player":2,"minecraft:villager":6},"minecraft:dropped":{"minecraft:bread":8,"minecraft:lilac":1,"minecraft:crafting_table":4,"minecraft:cooked_porkchop":5,"minecraft:spruce_stairs":1,"minecraft:red_mushroom":2,"minecraft:item_frame":9,"minecraft:dirt":26,"origins:orb_of_origin":5,"relics:holy_locket":1,"magistuarmory:rusted_bastardsword":2,"strictly_origins:damaged_durendal":1,"minecraft:cyan_carpet":7,"magistuarmory:rustedchainmail_leggings":2,"blue_skies:frostbright_stairs":2,"blue_skies:frostbright_trapdoor":1,"minecraft:spruce_trapdoor":3,"mysticalagriculture:inferium_essence":1,"doggytalents:rice_grains":3,"minecraft:spruce_slab":1,"minecraft:written_book":1},"minecraft:used":{"minecraft:stone_sword":40,"minecraft:ladder":4,"minecraft:spruce_planks":2,"minecraft:torch":25,"minecraft:dirt":15,"minecraft:wooden_axe":36,"quark:spruce_chest":6,"minecraft:stone_bricks":15,"minecraft:bow":17,"minecraft:written_book":1,"minecraft:furnace":1,"minecraft:gray_bed":1,"minecraft:cobbled_deepslate":9,"minecraft:diorite":7,"minecraft:spruce_door":1,"apotheosis:simple_reforging_table":1,"minecraft:stone_pickaxe":721,"minecraft:oak_planks":1,"minecraft:wooden_pickaxe":13,"minecraft:white_wool":1,"minecraft:crafting_table":5,"minecraft:oak_log":3,"minecraft:bread":57,"minecraft:iron_pickaxe":137,"minecraft:map":1,"apotheosis:reforging_table":1,"minecraft:stone_axe":44,"minecraft:diamond_sword":69,"minecraft:cobblestone":46,"minecraft:black_candle":6,"minecraft:experience_bottle":14},"minecraft:crafted":{"minecraft:furnace":1,"minecraft:stone_pickaxe":7,"quark:spruce_chest":4,"minecraft:crafting_table":6,"minecraft:spruce_planks":76,"minecraft:wooden_pickaxe":1,"minecraft:stone_axe":1,"minecraft:air":0,"biomesoplenty:fir_planks":44,"minecraft:stick":32,"minecraft:iron_ingot":6,"minecraft:iron_pickaxe":1,"minecraft:wooden_axe":1,"minecraft:stone_sword":1,"minecraft:torch":40},"minecraft:mined":{"minecraft:spruce_planks":2,"minecraft:oak_sapling":1,"iceandfire:silver_ore":21,"minecraft:granite":44,"minecraft:grass_block":58,"minecraft:spruce_leaves":5,"minecraft:red_mushroom":1,"minecraft:hay_block":5,"minecraft:iron_ore":36,"minecraft:bookshelf":4,"minecraft:vine":2,"minecraft:black_candle":6,"minecraft:stone":666,"minecraft:white_wool":1,"minecraft:green_wool":1,"minecraft:spruce_slab":2,"botania:orange_mystical_flower":1,"minecraft:glass_pane":2,"minecraft:medium_amethyst_bud":1,"minecraft:crafting_table":1,"minecraft:rose_bush":6,"minecraft:copper_ore":2,"minecraft:tall_grass":7,"minecraft:cobblestone":5,"biomesoplenty:sprout":3,"minecraft:sugar_cane":1,"minecraft:diorite":36,"minecraft:wall_torch":1,"supplementaries:urn":3,"minecraft:spruce_stairs":2,"minecraft:sea_pickle":1,"minecraft:sweet_berry_bush":1,"minecraft:lilac":1,"minecraft:gray_bed":1,"minecraft:spruce_log":21,"biomesoplenty:fir_log":15,"minecraft:grass":49,"minecraft:oak_log":13,"minecraft:coal_ore":16,"biomesoplenty:fir_leaves":1,"quark:spruce_chest":2,"minecraft:gravel":1,"minecraft:sunflower":6,"minecraft:cyan_carpet":3,"minecraft:dirt":14,"minecraft:gold_ore":2,"minecraft:oak_leaves":6,"minecraft:deepslate":27,"minecraft:fern":7}},"DataVersion":3465}