{"stats":{"minecraft:killed":{"minecraft:cow":1},"minecraft:mined":{"minecraft:grass":2},"minecraft:picked_up":{"minecraft:beef":1},"minecraft:custom":{"minecraft:jump":39,"minecraft:deaths":1,"minecraft:time_since_rest":8902,"minecraft:walk_on_water_one_cm":2305,"minecraft:damage_dealt":131,"minecraft:crouch_one_cm":69,"minecraft:leave_game":1,"minecraft:play_time":21368,"minecraft:sprint_one_cm":12992,"minecraft:damage_taken":240,"minecraft:time_since_death":8880,"minecraft:walk_one_cm":17055,"minecraft:sneak_time":3,"minecraft:total_world_time":21368,"minecraft:mob_kills":1,"minecraft:fall_one_cm":836,"minecraft:fly_one_cm":14664,"minecraft:damage_dealt_resisted":0}},"DataVersion":3465}