{"stats":{"minecraft:custom":{"minecraft:mob_kills":38,"minecraft:interact_with_crafting_table":26,"minecraft:open_barrel":13,"minecraft:damage_dealt_resisted":0,"minecraft:leave_game":11,"minecraft:time_since_death":26515,"minecraft:climb_one_cm":64163,"minecraft:sprint_one_cm":683379,"minecraft:walk_one_cm":643989,"minecraft:drop":71,"minecraft:damage_dealt_absorbed":24,"minecraft:talked_to_villager":3,"minecraft:play_time":130638,"minecraft:deaths":15,"minecraft:sneak_time":813,"minecraft:walk_under_water_one_cm":5847,"minecraft:jump":2206,"minecraft:walk_on_water_one_cm":22191,"minecraft:total_world_time":130638,"minecraft:interact_with_furnace":8,"minecraft:traded_with_villager":1,"minecraft:sleep_in_bed":1,"minecraft:time_since_rest":9603,"minecraft:damage_taken":2147483647,"minecraft:trigger_trapped_chest":2,"minecraft:damage_dealt":5314,"minecraft:swim_one_cm":16201,"minecraft:fly_one_cm":588378,"minecraft:open_chest":38,"minecraft:crouch_one_cm":7524,"minecraft:interact_with_smoker":1,"minecraft:fall_one_cm":42343},"minecraft:picked_up":{"minecraft:wooden_axe":1,"minecraft:crafting_table":2,"minecraft:wheat":110,"minecraft:chicken":3,"minecraft:stone_brick_wall":2,"biomesoplenty:jacaranda_sapling":10,"minecraft:stone_brick_stairs":7,"paraglider:goddess_statue":1,"minecraft:string":5,"minecraft:item_frame":9,"biomesoplenty:tall_lavender":4,"minecraft:experience_bottle":1,"mysticalagriculture:inferium_essence":4,"minecraft:spruce_planks":1,"delightful:acorn":1,"minecraft:beef":9,"minecraft:written_book":1,"minecraft:spruce_slab":1,"delightful:green_tea_leaf":4,"minecraft:spruce_trapdoor":3,"minecraft:stick":11,"apotheosis:gem":4,"minecraft:porkchop":9,"quark:birch_chest":2,"origins:orb_of_origin":5,"minecraft:arrow":1,"biomesoplenty:jacaranda_log":79,"biomesoplenty:jacaranda_stairs":5,"minecraft:mutton":15,"minecraft:white_wool":3,"minecraft:cobblestone":33,"minecraft:birch_log":18,"biomesoplenty:lavender":1,"minecraft:feather":4,"minecraft:leather":6,"minecraft:birch_planks":23,"doggytalents:rice_grains":1,"minecraft:oak_log":15,"minecraft:yellow_bed":2,"biomesoplenty:jacaranda_planks":89,"minecraft:cobblestone_wall":3,"minecraft:dirt":2,"minecraft:name_tag":2,"minecraft:bone":5,"minecraft:stone_bricks":18,"minecraft:wheat_seeds":294,"minecraft:gray_bed":1,"minecraft:oak_planks":14,"minecraft:book":6,"minecraft:cooked_porkchop":5,"minecraft:spruce_log":1,"minecraft:spider_eye":1,"minecraft:bread":1,"minecraft:oak_sapling":12,"iceandfire:raw_silver":1,"minecraft:coal":11},"minecraft:killed_by":{"minecraft:player":2,"iceandfire:gorgon":2,"minecraft:skeleton":1},"minecraft:broken":{"majruszsdifficulty:tattered_leggings":1,"majruszsdifficulty:tattered_chestplate":1},"minecraft:killed":{"minecraft:spider":3,"alexsmobs:seagull":1,"alexsmobs:orca":1,"minecraft:chicken":3,"majruszsdifficulty:creeperling":1,"minecraft:pig":5,"minecraft:sheep":9,"minecraft:zombie":5,"iceandfire:ghost":2,"enemyexpansion:huntsman":1,"enemyexpansion:botfly":1,"alexsmobs:fly":1,"minecraft:cow":5},"minecraft:dropped":{"minecraft:iron_ingot":1,"minecraft:bread":46,"minecraft:glass_bottle":2,"minecraft:feather":2,"minecraft:cobblestone":5,"delightful:green_tea_leaf":2,"biomesoplenty:jacaranda_planks":64,"biomesoplenty:jacaranda_log":2,"minecraft:stick":2,"minecraft:dirt":1,"blue_skies:blue_journal":1,"origins:orb_of_origin":1,"minecraft:wooden_axe":1,"minecraft:string":3,"ftbquests:book":1,"minecraft:bone":5,"minecraft:sweet_berries":3,"alexsmobs:animal_dictionary":1,"minecraft:cobblestone_wall":3,"minecraft:wheat":2,"minecraft:name_tag":2,"minecraft:potato":2,"minecraft:spruce_planks":1,"mysticalagriculture:inferium_essence":1,"quark:birch_chest":2,"minecraft:stone_brick_wall":2,"apotheosis:gem":1,"minecraft:oak_sapling":4,"minecraft:stone_bricks":18,"minecraft:spider_eye":1,"minecraft:wooden_pickaxe":1,"minecraft:stone_brick_stairs":7,"biomesoplenty:tall_lavender":2},"minecraft:used":{"quark:birch_chest":3,"minecraft:spruce_slab":1,"minecraft:iron_sword":178,"minecraft:torch":8,"paraglider:goddess_statue":1,"minecraft:mutton":12,"quark:birch_ladder":12,"minecraft:wooden_axe":55,"biomesoplenty:jacaranda_log":1,"biomesoplenty:jacaranda_stairs":11,"minecraft:item_frame":10,"biomesoplenty:jacaranda_sapling":10,"minecraft:beef":7,"minecraft:written_book":1,"minecraft:oak_sapling":8,"minecraft:furnace":2,"minecraft:gray_bed":1,"minecraft:cooked_beef":2,"minecraft:cooked_mutton":2,"biomesoplenty:jacaranda_door":1,"minecraft:birch_planks":22,"minecraft:stone_pickaxe":15,"minecraft:wooden_pickaxe":9,"biomesoplenty:lavender":1,"minecraft:white_wool":2,"minecraft:crafting_table":6,"minecraft:spruce_log":1,"majruszsdifficulty:tattered_leggings":1,"biomesoplenty:jacaranda_planks":165,"minecraft:oak_log":2,"minecraft:apple":3,"minecraft:chicken":3,"minecraft:iron_pickaxe":13,"minecraft:spruce_trapdoor":3,"minecraft:stone_axe":94,"minecraft:potion":2,"minecraft:porkchop":6,"minecraft:cooked_porkchop":8,"minecraft:yellow_bed":2,"alexsmobs:animal_dictionary":4,"delightful:acorn":1,"minecraft:experience_bottle":8},"minecraft:mined":{"iceandfire:silver_ore":1,"upgrade_aquatic:embedded_ammonite":1,"minecraft:grass_block":1,"biomesoplenty:jacaranda_stairs":5,"blue_skies:frostbright_stairs":1,"biomesoplenty:jacaranda_log":79,"biomesoplenty:tall_lavender":2,"biomesoplenty:lavender":3,"vinery:taiga_grape_bush_white":1,"blue_skies:spider_webbing":2,"minecraft:vine":2,"minecraft:stone":29,"biomesoplenty:jacaranda_leaves":130,"biomesoplenty:jacaranda_planks":31,"minecraft:oak_fence":1,"minecraft:crafting_table":2,"minecraft:tall_grass":3,"minecraft:birch_planks":22,"biomesoplenty:yellow_autumn_leaves":1,"blue_skies:frostbright_trapdoor":1,"minecraft:birch_log":20,"minecraft:wheat":110,"minecraft:gray_bed":1,"minecraft:yellow_bed":2,"minecraft:grass":23,"minecraft:oak_log":15,"minecraft:coal_ore":9,"minecraft:cyan_carpet":4,"minecraft:oak_leaves":4,"minecraft:fern":5,"paraglider:goddess_statue":1},"minecraft:crafted":{"minecraft:oak_planks":52,"quark:birch_chest":3,"minecraft:furnace":2,"quark:birch_ladder":12,"minecraft:cooked_mutton":3,"minecraft:stone_pickaxe":1,"biomesoplenty:jacaranda_door":3,"biomesoplenty:jacaranda_stairs":8,"minecraft:cooked_beef":2,"blue_skies:blue_journal":1,"biomesoplenty:jacaranda_planks":248,"minecraft:cooked_porkchop":3,"minecraft:crafting_table":4,"minecraft:wooden_pickaxe":1,"minecraft:iron_sword":1,"minecraft:birch_planks":48,"minecraft:stone_axe":1,"minecraft:bread":36,"minecraft:stick":32,"minecraft:iron_ingot":1,"minecraft:wooden_axe":2,"minecraft:torch":20}},"DataVersion":3465}