{"stats":{"minecraft:custom":{"minecraft:interact_with_furnace":5,"minecraft:mob_kills":28,"minecraft:traded_with_villager":1,"minecraft:interact_with_crafting_table":8,"minecraft:open_barrel":13,"minecraft:damage_dealt_resisted":0,"minecraft:leave_game":11,"minecraft:time_since_death":4311,"minecraft:climb_one_cm":35067,"minecraft:time_since_rest":4334,"minecraft:sprint_one_cm":475874,"minecraft:damage_taken":2147483647,"minecraft:walk_one_cm":368048,"minecraft:trigger_trapped_chest":2,"minecraft:drop":53,"minecraft:damage_dealt":4252,"minecraft:damage_dealt_absorbed":24,"minecraft:swim_one_cm":16201,"minecraft:talked_to_villager":3,"minecraft:fly_one_cm":351257,"minecraft:open_chest":7,"minecraft:crouch_one_cm":4321,"minecraft:play_time":87516,"minecraft:deaths":12,"minecraft:sneak_time":550,"minecraft:walk_under_water_one_cm":3248,"minecraft:jump":1300,"minecraft:walk_on_water_one_cm":16447,"minecraft:interact_with_smoker":1,"minecraft:total_world_time":87516,"minecraft:fall_one_cm":27507},"minecraft:broken":{"majruszsdifficulty:tattered_leggings":1,"majruszsdifficulty:tattered_chestplate":1},"minecraft:used":{"minecraft:stone_pickaxe":4,"minecraft:spruce_slab":1,"minecraft:wooden_pickaxe":9,"minecraft:iron_sword":136,"minecraft:mutton":2,"minecraft:crafting_table":4,"majruszsdifficulty:tattered_leggings":1,"minecraft:spruce_log":1,"minecraft:oak_log":2,"minecraft:spruce_trapdoor":3,"minecraft:item_frame":9,"minecraft:beef":7,"minecraft:written_book":1,"minecraft:furnace":1,"minecraft:oak_sapling":8,"minecraft:porkchop":5,"minecraft:cooked_porkchop":8,"minecraft:gray_bed":1,"alexsmobs:animal_dictionary":4,"minecraft:cooked_beef":2,"delightful:acorn":1},"minecraft:killed":{"minecraft:pig":5,"minecraft:spider":1,"alexsmobs:seagull":1,"minecraft:sheep":1,"alexsmobs:orca":1,"minecraft:zombie":5,"iceandfire:ghost":2,"minecraft:chicken":3,"enemyexpansion:huntsman":1,"enemyexpansion:botfly":1,"majruszsdifficulty:creeperling":1,"alexsmobs:fly":1,"minecraft:cow":5},"minecraft:mined":{"biomesoplenty:jacaranda_leaves":1,"minecraft:crafting_table":1,"minecraft:tall_grass":1,"blue_skies:frostbright_stairs":1,"blue_skies:frostbright_trapdoor":1,"minecraft:wheat":110,"minecraft:gray_bed":1,"minecraft:grass":12,"vinery:taiga_grape_bush_white":1,"minecraft:oak_log":15,"blue_skies:spider_webbing":2,"minecraft:vine":2,"minecraft:cyan_carpet":4,"minecraft:stone":13,"minecraft:fern":3,"minecraft:oak_leaves":4},"minecraft:killed_by":{"iceandfire:gorgon":2,"minecraft:player":2,"minecraft:skeleton":1},"minecraft:picked_up":{"minecraft:crafting_table":1,"minecraft:wheat":110,"minecraft:feather":4,"minecraft:chicken":3,"minecraft:leather":6,"minecraft:stone_brick_wall":2,"minecraft:stone_brick_stairs":7,"minecraft:oak_log":15,"minecraft:cobblestone_wall":3,"minecraft:string":3,"minecraft:item_frame":8,"minecraft:bone":5,"minecraft:stone_bricks":18,"minecraft:wheat_seeds":293,"mysticalagriculture:inferium_essence":4,"minecraft:spruce_planks":1,"delightful:acorn":1,"minecraft:beef":9,"minecraft:written_book":1,"minecraft:spruce_slab":1,"delightful:green_tea_leaf":4,"minecraft:gray_bed":1,"minecraft:oak_planks":14,"minecraft:spruce_trapdoor":3,"minecraft:book":6,"minecraft:stick":2,"apotheosis:gem":4,"minecraft:cooked_porkchop":5,"minecraft:porkchop":9,"minecraft:spruce_log":1,"origins:orb_of_origin":4,"minecraft:spider_eye":1,"minecraft:arrow":1,"minecraft:oak_sapling":12,"minecraft:mutton":2,"minecraft:white_wool":1,"minecraft:cobblestone":14},"minecraft:dropped":{"minecraft:bread":42,"minecraft:sweet_berries":3,"minecraft:cobblestone_wall":3,"alexsmobs:animal_dictionary":1,"minecraft:wheat":2,"minecraft:feather":2,"minecraft:cobblestone":1,"delightful:green_tea_leaf":2,"minecraft:potato":2,"origins:orb_of_origin":1,"minecraft:spruce_planks":1,"mysticalagriculture:inferium_essence":1,"apotheosis:gem":1,"minecraft:stone_brick_wall":2,"minecraft:oak_sapling":4,"minecraft:stone_bricks":18,"minecraft:spider_eye":1,"minecraft:wooden_pickaxe":1,"minecraft:string":3,"minecraft:stone_brick_stairs":7,"minecraft:bone":5},"minecraft:crafted":{"minecraft:cooked_beef":2,"blue_skies:blue_journal":1,"minecraft:oak_planks":52,"minecraft:cooked_porkchop":3,"minecraft:crafting_table":3,"minecraft:wooden_pickaxe":1,"minecraft:iron_sword":1,"minecraft:furnace":1,"minecraft:bread":36,"minecraft:stick":8,"minecraft:iron_ingot":1,"minecraft:stone_pickaxe":1,"minecraft:wooden_axe":1}},"DataVersion":3465}