{"stats":{"minecraft:custom":{"minecraft:interact_with_furnace":2,"minecraft:mob_kills":1,"minecraft:interact_with_crafting_table":8,"minecraft:leave_game":15,"minecraft:time_since_death":4991,"minecraft:climb_one_cm":8829,"minecraft:time_since_rest":5006,"minecraft:sprint_one_cm":323402,"minecraft:damage_taken":2459,"minecraft:walk_one_cm":698296,"minecraft:drop":5,"minecraft:damage_dealt":278,"minecraft:swim_one_cm":39127,"minecraft:fly_one_cm":214770,"minecraft:open_chest":1,"minecraft:crouch_one_cm":2813,"minecraft:play_time":105003,"minecraft:deaths":9,"minecraft:sneak_time":263,"minecraft:walk_under_water_one_cm":12233,"minecraft:aviate_one_cm":154918,"minecraft:jump":1422,"minecraft:walk_on_water_one_cm":48357,"minecraft:total_world_time":105003,"minecraft:fall_one_cm":24148},"minecraft:picked_up":{"minecraft:crafting_table":2,"relics:holy_locket":1,"minecraft:andesite":26,"minecraft:brown_mushroom":1,"quark:hollow_oak_log":2,"doggytalents:rice_grains":26,"doggytalents:rice_wheat":3,"minecraft:flint":1,"create:raw_zinc":8,"minecraft:oak_log":16,"minecraft:dirt":46,"minecraft:moss_carpet":3,"minecraft:raw_copper":69,"botania:black_mystical_flower":2,"minecraft:beetroot":2,"minecraft:wheat_seeds":22,"mysticalagriculture:inferium_essence":33,"minecraft:written_book":1,"minecraft:sugar_cane":7,"minecraft:birch_sapling":1,"minecraft:stick":60,"apotheosis:gem":1,"minecraft:torch":1,"minecraft:gravel":8,"minecraft:diorite":30,"alexsmobs:animal_dictionary":3,"quark:jasper":20,"minecraft:beetroot_seeds":7,"minecraft:granite":39,"minecraft:oak_sapling":1,"minecraft:coal":67,"iceandfire:raw_silver":10,"minecraft:cobblestone":284},"minecraft:killed_by":{"minecraft:zombie":2},"minecraft:broken":{"minecraft:stone_pickaxe":3,"minecraft:wooden_pickaxe":1},"minecraft:killed":{"aquaculture:perch":1},"minecraft:dropped":{"minecraft:moss_carpet":1,"alexsmobs:animal_dictionary":1,"minecraft:stick":56,"relics:holy_locket":1},"minecraft:used":{"minecraft:beetroot":2,"minecraft:wheat_seeds":27,"minecraft:moss_carpet":2,"minecraft:stone_pickaxe":393,"minecraft:wooden_pickaxe":61,"minecraft:sugar_cane":7,"doggytalents:rice_grains":26,"minecraft:stone_hoe":52,"minecraft:torch":1,"minecraft:dirt":44,"minecraft:crafting_table":4,"iceandfire:silver_pickaxe":70,"minecraft:wooden_axe":1,"minecraft:birch_sapling":1,"minecraft:stone_axe":3,"minecraft:cobblestone":52,"minecraft:furnace":1,"quark:oak_chest":2,"alexsmobs:animal_dictionary":4},"minecraft:crafted":{"minecraft:oak_planks":72,"iceandfire:silver_ingot":3,"minecraft:crafting_table":2,"minecraft:wooden_pickaxe":1,"minecraft:furnace":1,"minecraft:stone_axe":1,"minecraft:stick":60,"quark:oak_chest":2,"minecraft:stone_pickaxe":3,"minecraft:wooden_axe":1,"minecraft:torch":64,"iceandfire:silver_pickaxe":1,"minecraft:stone_hoe":1},"minecraft:mined":{"doggytalents:rice_crop":3,"create:zinc_ore":8,"minecraft:brown_mushroom":1,"iceandfire:silver_ore":10,"minecraft:dandelion":1,"minecraft:crafting_table":2,"minecraft:torch":1,"minecraft:granite":40,"minecraft:grass_block":5,"minecraft:tall_grass":12,"minecraft:copper_ore":20,"minecraft:sugar_cane":2,"minecraft:diorite":30,"botania:black_mystical_flower":2,"quark:jasper":20,"mysticalagriculture:inferium_ore":11,"minecraft:seagrass":1,"farmersdelight:wild_beetroots":7,"minecraft:tall_seagrass":2,"farmersdelight:sandy_shrub":1,"minecraft:andesite":26,"minecraft:birch_leaves":1,"minecraft:moss_carpet":2,"minecraft:grass":148,"minecraft:oak_log":16,"minecraft:coal_ore":67,"minecraft:vine":1,"minecraft:gravel":10,"minecraft:dirt":23,"quark:hollow_oak_log":2,"minecraft:stone":284,"minecraft:oak_leaves":3,"minecraft:fern":30}},"DataVersion":3465}