{"stats":{"minecraft:custom":{"minecraft:interact_with_furnace":2,"minecraft:mob_kills":1,"minecraft:interact_with_crafting_table":7,"minecraft:leave_game":9,"minecraft:time_since_death":686,"minecraft:climb_one_cm":8228,"minecraft:time_since_rest":715,"minecraft:sprint_one_cm":221035,"minecraft:damage_taken":1342,"minecraft:walk_one_cm":555766,"minecraft:drop":1,"minecraft:damage_dealt":278,"minecraft:swim_one_cm":32657,"minecraft:fly_one_cm":100049,"minecraft:crouch_one_cm":1952,"minecraft:play_time":68153,"minecraft:deaths":5,"minecraft:sneak_time":186,"minecraft:walk_under_water_one_cm":7741,"minecraft:jump":934,"minecraft:walk_on_water_one_cm":31113,"minecraft:total_world_time":68153,"minecraft:fall_one_cm":15706},"minecraft:used":{"minecraft:wheat_seeds":27,"minecraft:stone_pickaxe":393,"minecraft:wooden_pickaxe":61,"doggytalents:rice_grains":23,"minecraft:sugar_cane":7,"minecraft:stone_hoe":52,"minecraft:torch":1,"minecraft:dirt":37,"minecraft:crafting_table":3,"iceandfire:silver_pickaxe":70,"minecraft:wooden_axe":1,"minecraft:stone_axe":3,"minecraft:cobblestone":52,"minecraft:furnace":1,"alexsmobs:animal_dictionary":4},"minecraft:broken":{"minecraft:stone_pickaxe":3,"minecraft:wooden_pickaxe":1},"minecraft:killed":{"aquaculture:perch":1},"minecraft:mined":{"create:zinc_ore":8,"minecraft:brown_mushroom":1,"iceandfire:silver_ore":10,"minecraft:dandelion":1,"minecraft:torch":1,"minecraft:crafting_table":2,"minecraft:granite":40,"minecraft:tall_grass":11,"minecraft:copper_ore":20,"minecraft:sugar_cane":2,"minecraft:diorite":30,"botania:black_mystical_flower":2,"mysticalagriculture:inferium_ore":11,"quark:jasper":20,"minecraft:birch_leaves":1,"minecraft:andesite":26,"minecraft:moss_carpet":1,"minecraft:grass":141,"minecraft:coal_ore":67,"minecraft:oak_log":10,"minecraft:vine":1,"minecraft:gravel":10,"minecraft:dirt":18,"quark:hollow_oak_log":2,"minecraft:stone":284,"minecraft:fern":28},"minecraft:killed_by":{"minecraft:zombie":1},"minecraft:dropped":{"relics:holy_locket":1},"minecraft:crafted":{"minecraft:oak_planks":40,"iceandfire:silver_ingot":3,"minecraft:crafting_table":1,"minecraft:wooden_pickaxe":1,"minecraft:furnace":1,"minecraft:stone_axe":1,"minecraft:stick":60,"minecraft:stone_pickaxe":3,"minecraft:wooden_axe":1,"minecraft:torch":64,"iceandfire:silver_pickaxe":1,"minecraft:stone_hoe":1},"minecraft:picked_up":{"minecraft:crafting_table":2,"relics:holy_locket":1,"minecraft:andesite":26,"minecraft:brown_mushroom":1,"quark:hollow_oak_log":2,"doggytalents:rice_grains":24,"minecraft:flint":1,"create:raw_zinc":8,"minecraft:oak_log":10,"minecraft:dirt":36,"minecraft:moss_carpet":1,"minecraft:raw_copper":69,"botania:black_mystical_flower":2,"minecraft:wheat_seeds":20,"mysticalagriculture:inferium_essence":33,"minecraft:written_book":1,"minecraft:sugar_cane":7,"minecraft:birch_sapling":1,"apotheosis:gem":1,"minecraft:torch":1,"minecraft:gravel":7,"minecraft:diorite":30,"alexsmobs:animal_dictionary":2,"quark:jasper":20,"minecraft:granite":39,"minecraft:coal":67,"iceandfire:raw_silver":10,"minecraft:cobblestone":284}},"DataVersion":3465}