{"stats":{"minecraft:custom":{"minecraft:mob_kills":1,"minecraft:interact_with_crafting_table":23,"minecraft:open_barrel":1,"minecraft:bell_ring":1,"minecraft:leave_game":4,"minecraft:time_since_death":9352,"minecraft:climb_one_cm":25135,"minecraft:time_since_rest":10650,"minecraft:sprint_one_cm":185662,"minecraft:damage_taken":462,"minecraft:walk_one_cm":375190,"minecraft:drop":15,"minecraft:damage_dealt":130,"minecraft:damage_dealt_absorbed":2,"minecraft:swim_one_cm":13323,"minecraft:talked_to_villager":1,"minecraft:fly_one_cm":139193,"minecraft:open_chest":12,"minecraft:play_time":43518,"minecraft:deaths":1,"minecraft:sneak_time":4,"minecraft:walk_under_water_one_cm":1526,"minecraft:jump":675,"minecraft:walk_on_water_one_cm":10599,"minecraft:total_world_time":43518,"minecraft:fall_one_cm":12712},"minecraft:picked_up":{"minecraft:allium":1,"doggytalents:rice_grains":17,"minecraft:oak_log":12,"supplementaries:flax_seeds":1,"minecraft:dirt":289,"minecraft:moss_carpet":4,"minecraft:raw_copper":2,"botania:light_blue_mystical_flower":4,"botania:magenta_mystical_flower":2,"minecraft:stone_bricks":2,"botania:light_gray_double_flower":1,"minecraft:wheat_seeds":13,"upgrade_aquatic:river_log":4,"ftbquests:book":1,"delightful:acorn":1,"minecraft:stone_pickaxe":1,"minecraft:beef":1,"biomesoplenty:magic_log":30,"minecraft:mossy_stone_bricks":2,"minecraft:sugar_cane":3,"upgrade_aquatic:mulberry":6,"botania:gray_mystical_flower":1,"blue_skies:bag_of_spoils":1,"biomesoplenty:magic_sapling":8,"minecraft:stick":11,"minecraft:torch":6,"minecraft:gravel":1,"minecraft:sand":22,"minecraft:spruce_sapling":1,"minecraft:carrot":2,"delightful:salmonberries":7,"minecraft:spruce_log":5,"alexsmobs:animal_dictionary":1,"botania:white_mystical_flower":1,"minecraft:stone_shovel":1,"create:crimsite":6,"botania:light_gray_mystical_flower":3,"minecraft:beetroot_seeds":4,"waystones:waystone":1,"quark:hollow_birch_log":4,"minecraft:bread":2,"minecraft:oak_sapling":8,"minecraft:coal":7,"minecraft:cobblestone":13},"minecraft:killed_by":{"minecraft:skeleton":1},"minecraft:broken":{"minecraft:stone_shovel":2},"minecraft:killed":{"minecraft:cow":1},"minecraft:dropped":{"minecraft:bread":2,"alexsmobs:animal_dictionary":1,"upgrade_aquatic:mulberry":3,"minecraft:stone_shovel":1,"create:crimsite":3,"blue_skies:bag_of_spoils":1,"minecraft:dirt":11,"minecraft:torch":5,"minecraft:mossy_stone_bricks":2,"minecraft:stone_bricks":2,"minecraft:sand":4,"minecraft:stone_pickaxe":1,"ftbquests:book":1},"minecraft:used":{"minecraft:stone_shovel":276,"minecraft:stone_pickaxe":19,"minecraft:wooden_pickaxe":11,"minecraft:wooden_shovel":62,"minecraft:torch":4,"minecraft:dirt":56,"minecraft:sand":2,"minecraft:crafting_table":3,"biomesoplenty:magic_sapling":8,"minecraft:oak_log":1,"minecraft:stone_axe":67,"minecraft:cooked_porkchop":4,"alexsmobs:animal_dictionary":2,"quark:oak_chest":3},"minecraft:mined":{"brewery:wild_hops":1,"upgrade_aquatic:river_log":4,"farmersdelight:wild_carrots":2,"biomesoplenty:magic_sapling":3,"upgrade_aquatic:tall_beachgrass":27,"minecraft:torch":1,"biomesoplenty:bush":18,"minecraft:allium":1,"minecraft:grass_block":185,"supplementaries:wild_flax":1,"minecraft:copper_ore":1,"minecraft:tall_grass":7,"minecraft:polished_andesite_slab":1,"minecraft:spruce_leaves":1,"biomesoplenty:sprout":3,"minecraft:sugar_cane":1,"delightful:wild_salmonberries":8,"upgrade_aquatic:river_leaves":1,"quark:hollow_birch_log":4,"minecraft:seagrass":2,"biomesoplenty:magic_leaves":5,"botania:magenta_mystical_flower":2,"upgrade_aquatic:mulberry_vine":3,"minecraft:spruce_log":5,"biomesoplenty:magic_log":30,"minecraft:grass":48,"biomesoplenty:clover":2,"botania:white_mystical_flower":1,"minecraft:oak_log":12,"minecraft:coal_ore":7,"minecraft:vine":2,"minecraft:sand":20,"minecraft:dirt":42,"upgrade_aquatic:beachgrass":37,"botania:gray_mystical_flower":1,"minecraft:stone_bricks":2,"minecraft:stone":11,"botania:light_blue_mystical_flower":4,"minecraft:mossy_stone_bricks":2,"create:crimsite":3,"minecraft:oak_leaves":90,"minecraft:fern":6},"minecraft:crafted":{"minecraft:oak_planks":36,"minecraft:wooden_shovel":1,"minecraft:stone_shovel":2,"minecraft:crafting_table":4,"minecraft:spruce_planks":20,"minecraft:wooden_pickaxe":1,"upgrade_aquatic:river_planks":16,"minecraft:stone_axe":1,"minecraft:stick":16,"quark:oak_chest":3,"minecraft:stone_pickaxe":1,"minecraft:wooden_axe":1,"biomesoplenty:magic_planks":8,"minecraft:torch":8}},"DataVersion":3465}