{"stats":{"minecraft:custom":{"minecraft:mob_kills":1,"minecraft:interact_with_crafting_table":14,"minecraft:open_barrel":1,"minecraft:bell_ring":1,"minecraft:leave_game":4,"minecraft:time_since_death":3352,"minecraft:climb_one_cm":24502,"minecraft:time_since_rest":4650,"minecraft:sprint_one_cm":159763,"minecraft:damage_taken":462,"minecraft:walk_one_cm":308201,"minecraft:drop":7,"minecraft:damage_dealt":130,"minecraft:damage_dealt_absorbed":2,"minecraft:swim_one_cm":8431,"minecraft:talked_to_villager":1,"minecraft:fly_one_cm":129772,"minecraft:open_chest":9,"minecraft:play_time":37518,"minecraft:deaths":1,"minecraft:sneak_time":4,"minecraft:walk_under_water_one_cm":925,"minecraft:jump":633,"minecraft:walk_on_water_one_cm":8345,"minecraft:total_world_time":37518,"minecraft:fall_one_cm":12294},"minecraft:picked_up":{"minecraft:allium":1,"doggytalents:rice_grains":11,"minecraft:oak_log":10,"minecraft:dirt":155,"minecraft:moss_carpet":4,"botania:light_blue_mystical_flower":4,"botania:magenta_mystical_flower":2,"minecraft:stone_bricks":2,"minecraft:wheat_seeds":13,"upgrade_aquatic:river_log":4,"minecraft:stone_pickaxe":1,"minecraft:beef":1,"biomesoplenty:magic_log":30,"minecraft:mossy_stone_bricks":2,"minecraft:sugar_cane":3,"upgrade_aquatic:mulberry":6,"botania:gray_mystical_flower":1,"blue_skies:bag_of_spoils":1,"biomesoplenty:magic_sapling":8,"minecraft:stick":6,"minecraft:torch":1,"minecraft:sand":1,"minecraft:spruce_sapling":1,"minecraft:carrot":2,"delightful:salmonberries":7,"minecraft:spruce_log":5,"botania:white_mystical_flower":1,"create:crimsite":3,"minecraft:beetroot_seeds":4,"waystones:waystone":1,"quark:hollow_birch_log":4,"minecraft:bread":2,"minecraft:oak_sapling":1,"minecraft:coal":7,"minecraft:cobblestone":10},"minecraft:killed_by":{"minecraft:skeleton":1},"minecraft:broken":{"minecraft:stone_shovel":1},"minecraft:killed":{"minecraft:cow":1},"minecraft:dropped":{"minecraft:bread":2,"upgrade_aquatic:mulberry":3,"blue_skies:bag_of_spoils":1,"minecraft:dirt":1,"minecraft:mossy_stone_bricks":2,"minecraft:stone_bricks":2,"minecraft:stone_pickaxe":1},"minecraft:used":{"minecraft:stone_shovel":141,"minecraft:stone_pickaxe":17,"minecraft:wooden_pickaxe":11,"minecraft:wooden_shovel":32,"minecraft:torch":4,"minecraft:dirt":9,"minecraft:crafting_table":2,"biomesoplenty:magic_sapling":4,"minecraft:oak_log":1,"minecraft:stone_axe":65,"minecraft:cooked_porkchop":4,"alexsmobs:animal_dictionary":2,"quark:oak_chest":2},"minecraft:mined":{"brewery:wild_hops":1,"upgrade_aquatic:river_log":4,"farmersdelight:wild_carrots":2,"biomesoplenty:magic_sapling":3,"upgrade_aquatic:tall_beachgrass":27,"minecraft:torch":1,"biomesoplenty:bush":1,"minecraft:allium":1,"minecraft:grass_block":116,"minecraft:tall_grass":7,"minecraft:polished_andesite_slab":1,"minecraft:spruce_leaves":1,"biomesoplenty:sprout":3,"minecraft:sugar_cane":1,"delightful:wild_salmonberries":8,"upgrade_aquatic:river_leaves":1,"quark:hollow_birch_log":4,"biomesoplenty:magic_leaves":5,"botania:magenta_mystical_flower":2,"upgrade_aquatic:mulberry_vine":3,"minecraft:spruce_log":5,"biomesoplenty:magic_log":30,"minecraft:grass":39,"biomesoplenty:clover":2,"botania:white_mystical_flower":1,"minecraft:oak_log":10,"minecraft:coal_ore":7,"minecraft:vine":2,"minecraft:sand":1,"minecraft:dirt":40,"upgrade_aquatic:beachgrass":37,"botania:gray_mystical_flower":1,"minecraft:stone_bricks":2,"minecraft:stone":10,"botania:light_blue_mystical_flower":4,"minecraft:mossy_stone_bricks":2,"create:crimsite":3,"minecraft:oak_leaves":17,"minecraft:fern":6},"minecraft:crafted":{"minecraft:oak_planks":36,"minecraft:wooden_shovel":1,"minecraft:stone_shovel":1,"minecraft:crafting_table":3,"minecraft:spruce_planks":20,"minecraft:wooden_pickaxe":1,"minecraft:stone_axe":1,"minecraft:stick":12,"quark:oak_chest":2,"minecraft:stone_pickaxe":1,"minecraft:wooden_axe":1,"minecraft:torch":8}},"DataVersion":3465}