{"stats":{"minecraft:custom":{"minecraft:time_since_rest":26239,"minecraft:sprint_one_cm":110268,"minecraft:damage_taken":6,"minecraft:walk_one_cm":211968,"minecraft:mob_kills":1,"minecraft:drop":5,"minecraft:damage_dealt":130,"minecraft:damage_dealt_absorbed":2,"minecraft:swim_one_cm":8431,"minecraft:interact_with_crafting_table":9,"minecraft:talked_to_villager":1,"minecraft:fly_one_cm":58765,"minecraft:open_barrel":1,"minecraft:open_chest":5,"minecraft:play_time":26239,"minecraft:sneak_time":4,"minecraft:bell_ring":1,"minecraft:walk_under_water_one_cm":476,"minecraft:jump":369,"minecraft:leave_game":2,"minecraft:time_since_death":26239,"minecraft:walk_on_water_one_cm":2496,"minecraft:total_world_time":26239,"minecraft:climb_one_cm":20884,"minecraft:fall_one_cm":6186},"minecraft:picked_up":{"blue_skies:bag_of_spoils":1,"doggytalents:rice_grains":2,"delightful:salmonberries":7,"minecraft:oak_log":9,"minecraft:spruce_sapling":1,"minecraft:carrot":2,"minecraft:spruce_log":5,"minecraft:dirt":2,"botania:light_blue_mystical_flower":4,"botania:white_mystical_flower":1,"botania:magenta_mystical_flower":2,"minecraft:stone_bricks":2,"minecraft:stone_pickaxe":1,"minecraft:beetroot_seeds":4,"minecraft:wheat_seeds":2,"upgrade_aquatic:river_log":4,"waystones:waystone":1,"minecraft:beef":1,"minecraft:mossy_stone_bricks":2,"minecraft:sugar_cane":3,"upgrade_aquatic:mulberry":3,"botania:gray_mystical_flower":1,"minecraft:coal":7,"minecraft:cobblestone":10},"minecraft:killed":{"minecraft:cow":1},"minecraft:dropped":{"minecraft:dirt":1,"minecraft:mossy_stone_bricks":2,"minecraft:stone_bricks":2,"minecraft:stone_pickaxe":1,"blue_skies:bag_of_spoils":1},"minecraft:used":{"minecraft:stone_pickaxe":14,"minecraft:wooden_pickaxe":11,"minecraft:torch":2,"minecraft:stone_axe":20,"minecraft:crafting_table":1,"minecraft:cooked_porkchop":3,"alexsmobs:animal_dictionary":1},"minecraft:crafted":{"minecraft:crafting_table":2,"minecraft:spruce_planks":20,"minecraft:stick":12,"minecraft:wooden_pickaxe":1,"minecraft:stone_pickaxe":1,"minecraft:wooden_axe":1,"minecraft:torch":8,"minecraft:stone_axe":1},"minecraft:mined":{"botania:magenta_mystical_flower":2,"brewery:wild_hops":1,"upgrade_aquatic:river_log":4,"upgrade_aquatic:mulberry_vine":2,"farmersdelight:wild_carrots":2,"minecraft:spruce_log":5,"upgrade_aquatic:tall_beachgrass":27,"minecraft:grass":20,"botania:white_mystical_flower":1,"minecraft:grass_block":1,"minecraft:oak_log":9,"minecraft:coal_ore":7,"minecraft:vine":2,"botania:light_blue_mystical_flower":4,"botania:gray_mystical_flower":1,"upgrade_aquatic:beachgrass":37,"minecraft:polished_andesite_slab":1,"minecraft:tall_grass":5,"minecraft:spruce_leaves":1,"minecraft:stone":10,"minecraft:stone_bricks":2,"delightful:wild_salmonberries":8,"minecraft:sugar_cane":1,"minecraft:mossy_stone_bricks":2,"minecraft:fern":5,"upgrade_aquatic:river_leaves":1}},"DataVersion":3465}