{"stats":{"minecraft:custom":{"minecraft:mob_kills":11,"minecraft:interact_with_crafting_table":25,"minecraft:open_barrel":2,"minecraft:bell_ring":1,"minecraft:leave_game":6,"minecraft:time_since_death":23267,"minecraft:climb_one_cm":32365,"minecraft:sprint_one_cm":268650,"minecraft:walk_one_cm":521677,"minecraft:drop":18,"minecraft:damage_dealt_absorbed":2,"minecraft:talked_to_villager":1,"minecraft:play_time":57433,"minecraft:deaths":1,"minecraft:sneak_time":174,"minecraft:walk_under_water_one_cm":1926,"minecraft:jump":987,"minecraft:walk_on_water_one_cm":11462,"minecraft:total_world_time":57433,"minecraft:interact_with_furnace":2,"minecraft:sleep_in_bed":1,"minecraft:time_since_rest":4616,"minecraft:damage_taken":876,"minecraft:damage_dealt":953,"minecraft:swim_one_cm":13323,"minecraft:fly_one_cm":241264,"minecraft:open_chest":17,"minecraft:crouch_one_cm":1526,"minecraft:fall_one_cm":22293},"minecraft:picked_up":{"minecraft:allium":1,"minecraft:chicken":3,"irons_spellbooks:affinity_ring":1,"botania:light_blue_double_flower":1,"minecraft:string":3,"minecraft:moss_carpet":4,"minecraft:raw_copper":2,"botania:magenta_mystical_flower":2,"botania:light_gray_double_flower":1,"upgrade_aquatic:river_log":4,"mysticalagriculture:inferium_essence":2,"delightful:acorn":1,"minecraft:beef":1,"minecraft:sugar_cane":3,"upgrade_aquatic:mulberry":8,"minecraft:egg":2,"blue_skies:bag_of_spoils":1,"minecraft:stick":11,"minecraft:torch":6,"minecraft:porkchop":6,"quark:blossom_log":7,"minecraft:trident":1,"minecraft:carrot":2,"botania:white_mystical_flower":1,"minecraft:stone_shovel":1,"botania:light_gray_mystical_flower":3,"minecraft:beetroot_seeds":4,"minecraft:mutton":2,"minecraft:white_wool":3,"minecraft:cobblestone":13,"minecraft:feather":2,"majruszsdifficulty:tattered_helmet":1,"doggytalents:rice_grains":19,"minecraft:oak_log":12,"supplementaries:flax_seeds":1,"minecraft:dirt":484,"botania:light_blue_mystical_flower":4,"minecraft:stone_bricks":2,"minecraft:wheat_seeds":18,"ftbquests:book":1,"minecraft:stone_pickaxe":1,"biomesoplenty:magic_log":30,"minecraft:mossy_stone_bricks":2,"botania:gray_mystical_flower":1,"biomesoplenty:magic_sapling":10,"bakery:strawberry":1,"minecraft:gravel":1,"minecraft:sand":27,"minecraft:spruce_sapling":1,"delightful:salmonberries":7,"minecraft:spruce_log":5,"minecraft:lily_of_the_valley":1,"alexsmobs:animal_dictionary":1,"create:crimsite":6,"waystones:waystone":1,"quark:hollow_birch_log":4,"minecraft:bread":2,"minecraft:oak_sapling":9,"minecraft:coal":8},"minecraft:killed_by":{"minecraft:skeleton":1},"minecraft:broken":{"minecraft:wooden_shovel":1,"minecraft:stone_shovel":2},"minecraft:killed":{"minecraft:spider":1,"minecraft:chicken":3,"minecraft:pig":3,"minecraft:sheep":3,"minecraft:cow":1},"minecraft:dropped":{"minecraft:bread":2,"upgrade_aquatic:mulberry":3,"create:crimsite":3,"minecraft:dirt":11,"origins:orb_of_origin":1,"minecraft:torch":5,"minecraft:sand":4,"ftbquests:book":1,"minecraft:gravel":1,"alexsmobs:animal_dictionary":1,"minecraft:stone_shovel":1,"blue_skies:bag_of_spoils":1,"supplementaries:flax_seeds":1,"minecraft:mossy_stone_bricks":2,"minecraft:stone_bricks":2,"minecraft:stone_pickaxe":1},"minecraft:used":{"minecraft:stone_sword":50,"minecraft:stone_shovel":319,"minecraft:wooden_shovel":63,"minecraft:torch":9,"minecraft:dirt":129,"minecraft:oak_sapling":2,"minecraft:cooked_mutton":3,"minecraft:stone_pickaxe":23,"minecraft:wooden_pickaxe":11,"minecraft:sand":2,"minecraft:crafting_table":3,"biomesoplenty:magic_sapling":10,"minecraft:oak_log":1,"minecraft:stone_axe":76,"minecraft:cooked_porkchop":8,"quark:oak_chest":3,"alexsmobs:animal_dictionary":2},"minecraft:mined":{"minecraft:oak_sapling":1,"upgrade_aquatic:river_log":5,"farmersdelight:wild_carrots":2,"biomesoplenty:magic_sapling":4,"biomesoplenty:bush":55,"minecraft:allium":1,"minecraft:grass_block":223,"minecraft:polished_andesite_slab":1,"minecraft:spruce_leaves":1,"quark:hollow_birch_log":4,"minecraft:tall_seagrass":1,"botania:magenta_mystical_flower":2,"upgrade_aquatic:mulberry_vine":4,"biomesoplenty:magic_log":30,"minecraft:vine":3,"minecraft:stone":11,"botania:light_blue_double_flower":1,"botania:light_blue_mystical_flower":4,"brewery:wild_hops":1,"minecraft:lily_of_the_valley":3,"upgrade_aquatic:tall_beachgrass":27,"minecraft:torch":1,"bakery:wild_strawberries":1,"supplementaries:wild_flax":1,"quark:blossom_log":7,"minecraft:tall_grass":7,"minecraft:copper_ore":1,"biomesoplenty:sprout":3,"minecraft:sugar_cane":1,"delightful:wild_salmonberries":8,"upgrade_aquatic:river_leaves":1,"minecraft:seagrass":3,"biomesoplenty:magic_leaves":5,"minecraft:spruce_log":5,"minecraft:grass":63,"biomesoplenty:clover":2,"botania:white_mystical_flower":1,"minecraft:coal_ore":8,"minecraft:oak_log":12,"minecraft:sand":23,"minecraft:dirt":45,"upgrade_aquatic:beachgrass":37,"botania:gray_mystical_flower":1,"minecraft:cobweb":1,"minecraft:stone_bricks":2,"minecraft:mossy_stone_bricks":2,"create:crimsite":3,"minecraft:oak_leaves":90,"minecraft:fern":6},"minecraft:crafted":{"minecraft:oak_planks":36,"minecraft:stone_shovel":3,"minecraft:cooked_mutton":3,"minecraft:stone_pickaxe":1,"biomesoplenty:magic_planks":8,"minecraft:wooden_shovel":1,"minecraft:crafting_table":4,"minecraft:spruce_planks":20,"minecraft:wooden_pickaxe":1,"upgrade_aquatic:river_planks":16,"minecraft:stone_axe":1,"minecraft:stick":16,"quark:oak_chest":3,"minecraft:wooden_axe":1,"minecraft:stone_sword":1,"minecraft:torch":8}},"DataVersion":3465}