{"stats":{"minecraft:custom":{"minecraft:mob_kills":1,"minecraft:interact_with_crafting_table":24,"minecraft:open_barrel":1,"minecraft:bell_ring":1,"minecraft:leave_game":5,"minecraft:time_since_death":15171,"minecraft:climb_one_cm":26201,"minecraft:time_since_rest":16469,"minecraft:sprint_one_cm":216699,"minecraft:damage_taken":462,"minecraft:walk_one_cm":471562,"minecraft:drop":16,"minecraft:damage_dealt":130,"minecraft:damage_dealt_absorbed":2,"minecraft:swim_one_cm":13323,"minecraft:talked_to_villager":1,"minecraft:fly_one_cm":156900,"minecraft:play_time":49337,"minecraft:open_chest":15,"minecraft:crouch_one_cm":1526,"minecraft:deaths":1,"minecraft:sneak_time":174,"minecraft:walk_under_water_one_cm":1579,"minecraft:jump":734,"minecraft:walk_on_water_one_cm":10772,"minecraft:total_world_time":49337,"minecraft:fall_one_cm":13164},"minecraft:picked_up":{"minecraft:allium":1,"irons_spellbooks:affinity_ring":1,"majruszsdifficulty:tattered_helmet":1,"doggytalents:rice_grains":19,"minecraft:oak_log":12,"supplementaries:flax_seeds":1,"minecraft:dirt":484,"minecraft:moss_carpet":4,"minecraft:raw_copper":2,"botania:light_blue_mystical_flower":4,"botania:magenta_mystical_flower":2,"minecraft:stone_bricks":2,"botania:light_gray_double_flower":1,"minecraft:wheat_seeds":16,"upgrade_aquatic:river_log":4,"ftbquests:book":1,"delightful:acorn":1,"minecraft:beef":1,"minecraft:stone_pickaxe":1,"biomesoplenty:magic_log":30,"minecraft:mossy_stone_bricks":2,"minecraft:sugar_cane":3,"upgrade_aquatic:mulberry":8,"botania:gray_mystical_flower":1,"biomesoplenty:magic_sapling":10,"blue_skies:bag_of_spoils":1,"minecraft:stick":11,"minecraft:torch":6,"minecraft:gravel":1,"minecraft:sand":27,"minecraft:spruce_sapling":1,"minecraft:carrot":2,"delightful:salmonberries":7,"minecraft:trident":1,"minecraft:spruce_log":5,"alexsmobs:animal_dictionary":1,"botania:white_mystical_flower":1,"minecraft:stone_shovel":1,"create:crimsite":6,"botania:light_gray_mystical_flower":3,"minecraft:beetroot_seeds":4,"waystones:waystone":1,"quark:hollow_birch_log":4,"minecraft:bread":2,"minecraft:oak_sapling":9,"minecraft:coal":8,"minecraft:cobblestone":13},"minecraft:killed_by":{"minecraft:skeleton":1},"minecraft:broken":{"minecraft:wooden_shovel":1,"minecraft:stone_shovel":2},"minecraft:killed":{"minecraft:cow":1},"minecraft:dropped":{"minecraft:bread":2,"alexsmobs:animal_dictionary":1,"upgrade_aquatic:mulberry":3,"minecraft:stone_shovel":1,"create:crimsite":3,"blue_skies:bag_of_spoils":1,"minecraft:dirt":11,"origins:orb_of_origin":1,"minecraft:torch":5,"minecraft:mossy_stone_bricks":2,"minecraft:stone_bricks":2,"minecraft:sand":4,"minecraft:stone_pickaxe":1,"ftbquests:book":1},"minecraft:used":{"minecraft:stone_shovel":319,"minecraft:stone_pickaxe":23,"minecraft:wooden_pickaxe":11,"minecraft:wooden_shovel":63,"minecraft:torch":9,"minecraft:dirt":129,"minecraft:sand":2,"minecraft:crafting_table":3,"biomesoplenty:magic_sapling":10,"minecraft:oak_log":1,"minecraft:stone_axe":68,"minecraft:oak_sapling":2,"minecraft:cooked_porkchop":5,"alexsmobs:animal_dictionary":2,"quark:oak_chest":3},"minecraft:mined":{"minecraft:oak_sapling":1,"brewery:wild_hops":1,"upgrade_aquatic:river_log":5,"farmersdelight:wild_carrots":2,"biomesoplenty:magic_sapling":4,"upgrade_aquatic:tall_beachgrass":27,"minecraft:torch":1,"biomesoplenty:bush":54,"minecraft:allium":1,"minecraft:grass_block":223,"supplementaries:wild_flax":1,"minecraft:copper_ore":1,"minecraft:tall_grass":7,"minecraft:polished_andesite_slab":1,"minecraft:spruce_leaves":1,"biomesoplenty:sprout":3,"minecraft:sugar_cane":1,"delightful:wild_salmonberries":8,"upgrade_aquatic:river_leaves":1,"quark:hollow_birch_log":4,"minecraft:seagrass":3,"minecraft:tall_seagrass":1,"biomesoplenty:magic_leaves":5,"botania:magenta_mystical_flower":2,"upgrade_aquatic:mulberry_vine":4,"minecraft:spruce_log":5,"biomesoplenty:magic_log":30,"minecraft:grass":58,"biomesoplenty:clover":2,"botania:white_mystical_flower":1,"minecraft:oak_log":12,"minecraft:coal_ore":8,"minecraft:vine":2,"minecraft:sand":23,"minecraft:dirt":45,"botania:gray_mystical_flower":1,"upgrade_aquatic:beachgrass":37,"minecraft:stone":11,"minecraft:stone_bricks":2,"botania:light_blue_mystical_flower":4,"minecraft:mossy_stone_bricks":2,"create:crimsite":3,"minecraft:oak_leaves":90,"minecraft:fern":6},"minecraft:crafted":{"minecraft:oak_planks":36,"minecraft:wooden_shovel":1,"minecraft:stone_shovel":3,"minecraft:crafting_table":4,"minecraft:spruce_planks":20,"minecraft:wooden_pickaxe":1,"upgrade_aquatic:river_planks":16,"minecraft:stone_axe":1,"minecraft:stick":16,"quark:oak_chest":3,"minecraft:stone_pickaxe":1,"minecraft:wooden_axe":1,"biomesoplenty:magic_planks":8,"minecraft:torch":8}},"DataVersion":3465}