{"stats":{"minecraft:used":{"minecraft:bread":1,"alexsmobs:animal_dictionary":1},"minecraft:custom":{"minecraft:jump":99,"minecraft:time_since_rest":4145,"minecraft:crouch_one_cm":203,"minecraft:sprint_one_cm":22478,"minecraft:play_time":4145,"minecraft:damage_taken":30,"minecraft:time_since_death":4145,"minecraft:walk_one_cm":26959,"minecraft:sneak_time":13,"minecraft:climb_one_cm":16,"minecraft:total_world_time":4145,"minecraft:fall_one_cm":2567,"minecraft:fly_one_cm":33161}},"DataVersion":3465}