{"stats":{"minecraft:custom":{"minecraft:interact_with_furnace":1,"minecraft:mob_kills":12,"minecraft:interact_with_crafting_table":6,"minecraft:time_since_death":17440,"minecraft:climb_one_cm":640,"minecraft:time_since_rest":17455,"minecraft:sprint_one_cm":139236,"minecraft:damage_taken":550,"minecraft:walk_one_cm":220627,"minecraft:drop":15,"minecraft:damage_dealt":1335,"minecraft:swim_one_cm":10737,"minecraft:fly_one_cm":324262,"minecraft:open_chest":7,"minecraft:crouch_one_cm":5458,"minecraft:play_time":29401,"minecraft:deaths":1,"minecraft:sneak_time":573,"minecraft:walk_under_water_one_cm":3048,"minecraft:jump":937,"minecraft:walk_on_water_one_cm":5785,"minecraft:total_world_time":29401,"minecraft:fall_one_cm":20336},"minecraft:picked_up":{"minecraft:birch_log":15,"minecraft:charcoal":6,"minecraft:crafting_table":1,"minecraft:redstone_block":1,"minecraft:chicken":5,"minecraft:red_mushroom":1,"doggytalents:rice_grains":1,"minecraft:birch_planks":8,"minecraft:oak_log":34,"minecraft:string":7,"minecraft:dirt":44,"minecraft:lantern":2,"minecraft:moss_carpet":4,"minecraft:apple":1,"minecraft:sea_pickle":3,"mysticalagriculture:inferium_essence":2,"minecraft:wheat_seeds":1,"upgrade_aquatic:river_log":3,"minecraft:bell":1,"delightful:acorn":1,"minecraft:dark_oak_sign":2,"upgrade_aquatic:mulberry":1,"minecraft:birch_sapling":1,"botania:gray_mystical_flower":1,"minecraft:furnace":1,"minecraft:book":33,"minecraft:stick":12,"minecraft:pumpkin":4,"minecraft:sweet_berries":22,"minecraft:spruce_fence":1,"minecraft:porkchop":3,"botania:lime_double_flower":1,"minecraft:spruce_log":3,"magistuarmory:rustedcrusader_chestplate":1,"alexsmobs:animal_dictionary":1,"minecraft:stone_sword":1,"minecraft:arrow":3,"minecraft:rotten_flesh":1,"minecraft:soul_lantern":1,"quark:hollow_birch_log":4,"minecraft:oak_sapling":16,"minecraft:stripped_dark_oak_log":2,"minecraft:cobblestone":21},"minecraft:killed":{"minecraft:pig":2,"alexsmobs:raccoon":1,"minecraft:spider":1,"minecraft:skeleton":2,"minecraft:zombie":1,"minecraft:chicken":5},"minecraft:dropped":{"minecraft:moss_carpet":4,"minecraft:wheat_seeds":1,"minecraft:stone_sword":1,"botania:gray_petal":2,"alexsmobs:animal_dictionary":1,"minecraft:cooked_porkchop":2,"minecraft:birch_sapling":1,"minecraft:rotten_flesh":1,"minecraft:spruce_fence":1,"minecraft:red_mushroom":1,"minecraft:sea_pickle":3,"mysticalagriculture:inferium_essence":2,"doggytalents:rice_grains":1,"minecraft:string":4},"minecraft:used":{"minecraft:stone_sword":90,"upgrade_aquatic:mulberry":2,"minecraft:stone_pickaxe":15,"minecraft:oak_planks":5,"minecraft:wooden_pickaxe":24,"minecraft:dirt":4,"minecraft:crafting_table":2,"botania:lime_double_flower":1,"minecraft:wooden_axe":5,"minecraft:apple":1,"minecraft:lantern":1,"minecraft:bread":1,"minecraft:stone_axe":75,"minecraft:wooden_sword":13,"minecraft:sweet_berries":3,"minecraft:cooked_porkchop":3,"minecraft:furnace":1,"alexsmobs:animal_dictionary":6,"delightful:acorn":1},"minecraft:mined":{"minecraft:spruce_planks":2,"minecraft:redstone_block":1,"upgrade_aquatic:river_log":3,"minecraft:stripped_dark_oak_log":2,"upgrade_aquatic:tall_beachgrass":1,"minecraft:crafting_table":1,"minecraft:spruce_fence":2,"minecraft:grass_block":5,"minecraft:campfire":3,"minecraft:spruce_leaves":1,"minecraft:red_mushroom":1,"upgrade_aquatic:river_leaves":4,"quark:hollow_birch_log":4,"minecraft:dark_oak_slab":2,"minecraft:sea_pickle":1,"minecraft:birch_log":15,"upgrade_aquatic:mulberry_vine":1,"minecraft:sweet_berry_bush":9,"minecraft:spruce_log":3,"minecraft:birch_leaves":1,"botania:lime_double_flower":1,"minecraft:pumpkin":4,"minecraft:peony":4,"minecraft:bell":1,"minecraft:grass":13,"minecraft:bookshelf":11,"minecraft:oak_log":25,"minecraft:lantern":1,"minecraft:cyan_carpet":1,"minecraft:dirt":14,"botania:gray_mystical_flower":1,"minecraft:cobweb":6,"minecraft:stone":21,"minecraft:spruce_slab":1,"minecraft:oak_leaves":3,"minecraft:fern":2,"minecraft:redstone_lamp":1},"minecraft:crafted":{"minecraft:wooden_sword":1,"minecraft:oak_planks":12,"minecraft:crafting_table":1,"minecraft:wooden_pickaxe":1,"minecraft:furnace":1,"botania:gray_petal":2,"minecraft:birch_planks":20,"minecraft:stone_axe":1,"minecraft:stick":12,"minecraft:stone_pickaxe":1,"minecraft:wooden_axe":1,"minecraft:stone_sword":1}},"DataVersion":3465}