{"stats":{"minecraft:custom":{"minecraft:mob_kills":34,"minecraft:interact_with_crafting_table":16,"minecraft:open_barrel":75,"minecraft:leave_game":2,"minecraft:time_since_death":51331,"minecraft:climb_one_cm":966,"minecraft:damage_resisted":0,"minecraft:sprint_one_cm":272850,"minecraft:walk_one_cm":516917,"minecraft:drop":41,"minecraft:damage_dealt_absorbed":416,"minecraft:play_time":63292,"minecraft:deaths":1,"minecraft:sneak_time":1197,"minecraft:walk_under_water_one_cm":8650,"minecraft:interact_with_lectern":1,"minecraft:jump":1770,"minecraft:walk_on_water_one_cm":22974,"minecraft:total_world_time":63292,"minecraft:interact_with_furnace":8,"minecraft:sleep_in_bed":1,"minecraft:time_since_rest":5681,"minecraft:damage_taken":1343,"minecraft:damage_dealt":2051,"minecraft:swim_one_cm":18550,"minecraft:fly_one_cm":582627,"minecraft:open_chest":42,"minecraft:crouch_one_cm":11267,"minecraft:fall_one_cm":44279},"minecraft:picked_up":{"minecraft:charcoal":12,"minecraft:crafting_table":1,"minecraft:redstone_block":1,"minecraft:chicken":8,"minecraft:brewing_stand":1,"minecraft:string":8,"minecraft:moss_carpet":4,"minecraft:item_frame":4,"minecraft:cyan_carpet":2,"minecraft:sea_pickle":3,"mysticalagriculture:inferium_essence":3,"upgrade_aquatic:river_log":3,"minecraft:spruce_planks":10,"delightful:acorn":1,"minecraft:spruce_slab":1,"minecraft:light_gray_wool":1,"upgrade_aquatic:mulberry":1,"minecraft:birch_sapling":1,"minecraft:furnace":2,"minecraft:stick":16,"apotheosis:gem":5,"minecraft:spruce_fence":1,"minecraft:porkchop":5,"botania:lime_double_flower":1,"origins:orb_of_origin":1,"magistuarmory:rustedcrusader_chestplate":1,"minecraft:arrow":5,"minecraft:stone_sword":1,"minecraft:rotten_flesh":6,"supplementaries:ash":1,"minecraft:mutton":9,"minecraft:white_wool":10,"minecraft:cobblestone":30,"minecraft:birch_log":15,"minecraft:basalt":3,"minecraft:red_mushroom":1,"minecraft:birch_planks":8,"doggytalents:rice_grains":1,"minecraft:tuff":2,"minecraft:oak_log":38,"minecraft:dirt":89,"minecraft:lantern":6,"minecraft:bone":2,"minecraft:apple":1,"minecraft:wheat_seeds":2,"minecraft:bell":1,"minecraft:cooked_chicken":7,"minecraft:dark_oak_sign":2,"minecraft:oak_planks":11,"botania:gray_mystical_flower":1,"minecraft:book":60,"minecraft:dark_oak_slab":1,"minecraft:cooked_porkchop":2,"minecraft:pumpkin":8,"minecraft:sweet_berries":27,"minecraft:spruce_log":3,"alexsmobs:animal_dictionary":1,"minecraft:soul_lantern":2,"quark:hollow_birch_log":4,"minecraft:oak_sapling":17,"minecraft:coal":21,"minecraft:stripped_dark_oak_log":2,"minecraft:andesite_slab":3},"minecraft:broken":{"minecraft:iron_shovel":1,"minecraft:stone_sword":1,"magistuarmory:rustedcrusader_chestplate":1},"minecraft:killed":{"aquaculture:bluegill":1,"alexsmobs:raccoon":1,"minecraft:spider":1,"aquaculture:smallmouth_bass":1,"enemyexpansion:direwolf":1,"minecraft:skeleton":3,"minecraft:chicken":8,"minecraft:pig":3,"enemyexpansion:sprinter":1,"minecraft:sheep":6,"minecraft:zombie":4,"enemyexpansion:botfly":3,"enemyexpansion:slugger":1},"minecraft:dropped":{"minecraft:water_bucket":1,"minecraft:birch_planks":8,"minecraft:wheat_seeds":1,"minecraft:cooked_porkchop":4,"minecraft:dark_oak_slab":1,"minecraft:cobblestone":6,"majruszsdifficulty:tattered_helmet":1,"minecraft:red_mushroom":1,"irons_spellbooks:affinity_ring":1,"minecraft:wooden_axe":1,"minecraft:wooden_sword":1,"minecraft:pumpkin":4,"minecraft:dark_oak_planks":8,"minecraft:string":4,"minecraft:white_wool":5,"minecraft:cyan_carpet":2,"minecraft:moss_carpet":4,"botania:gray_petal":2,"minecraft:stone_sword":1,"alexsmobs:animal_dictionary":1,"minecraft:birch_sapling":1,"minecraft:rotten_flesh":4,"minecraft:oak_planks":8,"minecraft:spruce_fence":1,"minecraft:sea_pickle":3,"minecraft:trident":1,"minecraft:spruce_planks":8,"mysticalagriculture:inferium_essence":3,"doggytalents:rice_grains":1,"minecraft:spruce_slab":1,"minecraft:basalt":2,"minecraft:wooden_pickaxe":1},"minecraft:used":{"minecraft:trident":24,"minecraft:stone_sword":153,"minecraft:iron_shovel":294,"minecraft:spruce_planks":14,"minecraft:cooked_chicken":4,"minecraft:brewing_stand":1,"minecraft:dirt":12,"botania:lime_double_flower":1,"minecraft:wooden_axe":5,"minecraft:lantern":5,"minecraft:basalt":1,"minecraft:light_gray_wool":1,"minecraft:written_book":3,"minecraft:sweet_berries":30,"minecraft:furnace":3,"upgrade_aquatic:mulberry":2,"minecraft:stone_pickaxe":68,"minecraft:oak_planks":8,"minecraft:andesite_slab":3,"minecraft:wooden_pickaxe":24,"minecraft:crafting_table":2,"minecraft:white_bed":1,"minecraft:apple":1,"minecraft:bread":3,"minecraft:stone_axe":106,"minecraft:wooden_sword":13,"minecraft:cooked_porkchop":6,"quark:oak_chest":3,"alexsmobs:animal_dictionary":6,"delightful:acorn":1},"minecraft:mined":{"minecraft:tuff":6,"minecraft:spruce_planks":2,"upgrade_aquatic:river_log":3,"minecraft:brewing_stand":1,"biomesoplenty:bush":40,"minecraft:grass_block":246,"minecraft:spruce_fence":2,"minecraft:deepslate_bricks":3,"minecraft:spruce_leaves":1,"minecraft:red_mushroom":1,"quark:hollow_birch_log":4,"minecraft:furnace":1,"upgrade_aquatic:mulberry_vine":1,"minecraft:cobbled_deepslate":1,"botania:lime_double_flower":1,"minecraft:pumpkin":4,"minecraft:peony":4,"minecraft:bell":1,"minecraft:bookshelf":20,"biomesoplenty:high_grass":1,"amendments:wall_lantern":3,"minecraft:lantern":2,"minecraft:stone":34,"minecraft:spruce_slab":1,"minecraft:redstone_block":1,"minecraft:stripped_dark_oak_log":2,"minecraft:basalt":2,"upgrade_aquatic:tall_beachgrass":1,"minecraft:crafting_table":1,"minecraft:andesite_slab":4,"minecraft:campfire":6,"biomesoplenty:high_grass_plant":7,"minecraft:tall_grass":1,"minecraft:cobblestone":3,"minecraft:oak_planks":3,"botania:light_gray_double_flower":1,"upgrade_aquatic:river_leaves":4,"minecraft:dark_oak_slab":2,"minecraft:sea_pickle":1,"minecraft:birch_log":15,"minecraft:sweet_berry_bush":18,"minecraft:spruce_log":3,"minecraft:birch_leaves":1,"minecraft:grass":33,"minecraft:coal_ore":11,"minecraft:oak_log":29,"minecraft:gravel":1,"minecraft:cyan_carpet":1,"minecraft:dirt":29,"botania:gray_mystical_flower":1,"minecraft:cobweb":7,"minecraft:cracked_stone_bricks":1,"minecraft:tripwire_hook":6,"minecraft:oak_leaves":17,"minecraft:fern":4,"minecraft:redstone_lamp":1},"minecraft:crafted":{"minecraft:wooden_sword":1,"minecraft:oak_planks":56,"minecraft:cooked_chicken":1,"minecraft:furnace":2,"botania:gray_petal":2,"minecraft:cooked_mutton":6,"minecraft:stone_pickaxe":1,"minecraft:dark_oak_planks":8,"minecraft:cooked_porkchop":2,"minecraft:crafting_table":1,"minecraft:spruce_planks":12,"minecraft:wooden_pickaxe":1,"minecraft:birch_planks":20,"minecraft:stone_axe":1,"minecraft:air":0,"minecraft:stick":12,"quark:oak_chest":3,"minecraft:iron_pickaxe":1,"minecraft:wooden_axe":1,"minecraft:stone_sword":1,"minecraft:iron_shovel":1,"minecraft:white_bed":1}},"DataVersion":3465}