{"stats":{"minecraft:custom":{"minecraft:mob_kills":21,"minecraft:interact_with_crafting_table":6,"minecraft:open_barrel":75,"minecraft:leave_game":1,"minecraft:time_since_death":33753,"minecraft:climb_one_cm":966,"minecraft:damage_resisted":0,"minecraft:sprint_one_cm":200638,"minecraft:walk_one_cm":345356,"minecraft:drop":32,"minecraft:damage_dealt_absorbed":48,"minecraft:play_time":45714,"minecraft:deaths":1,"minecraft:sneak_time":885,"minecraft:walk_under_water_one_cm":5728,"minecraft:interact_with_lectern":1,"minecraft:jump":1347,"minecraft:walk_on_water_one_cm":13795,"minecraft:total_world_time":45714,"minecraft:interact_with_furnace":1,"minecraft:time_since_rest":33768,"minecraft:damage_taken":1071,"minecraft:damage_dealt":1951,"minecraft:swim_one_cm":10737,"minecraft:fly_one_cm":432718,"minecraft:open_chest":17,"minecraft:crouch_one_cm":8944,"minecraft:fall_one_cm":31720},"minecraft:picked_up":{"minecraft:charcoal":12,"minecraft:crafting_table":1,"minecraft:redstone_block":1,"minecraft:chicken":7,"minecraft:brewing_stand":1,"minecraft:string":8,"minecraft:moss_carpet":4,"minecraft:item_frame":4,"minecraft:cyan_carpet":2,"minecraft:sea_pickle":3,"upgrade_aquatic:river_log":3,"mysticalagriculture:inferium_essence":2,"delightful:acorn":1,"minecraft:spruce_planks":10,"minecraft:spruce_slab":1,"upgrade_aquatic:mulberry":1,"minecraft:birch_sapling":1,"minecraft:furnace":1,"minecraft:stick":12,"apotheosis:gem":4,"minecraft:spruce_fence":1,"minecraft:porkchop":3,"botania:lime_double_flower":1,"magistuarmory:rustedcrusader_chestplate":1,"minecraft:arrow":3,"minecraft:stone_sword":1,"minecraft:rotten_flesh":3,"minecraft:mutton":1,"minecraft:white_wool":2,"minecraft:cobblestone":21,"minecraft:birch_log":15,"minecraft:basalt":2,"minecraft:red_mushroom":1,"doggytalents:rice_grains":1,"minecraft:birch_planks":8,"minecraft:tuff":2,"minecraft:oak_log":34,"minecraft:dirt":44,"minecraft:lantern":5,"minecraft:apple":1,"minecraft:wheat_seeds":1,"minecraft:bell":1,"minecraft:dark_oak_sign":2,"minecraft:oak_planks":3,"botania:gray_mystical_flower":1,"minecraft:book":60,"minecraft:dark_oak_slab":1,"minecraft:cooked_porkchop":2,"minecraft:pumpkin":8,"minecraft:sweet_berries":27,"minecraft:spruce_log":3,"alexsmobs:animal_dictionary":1,"minecraft:soul_lantern":2,"quark:hollow_birch_log":4,"minecraft:oak_sapling":16,"minecraft:andesite_slab":3,"minecraft:stripped_dark_oak_log":2},"minecraft:broken":{"minecraft:stone_sword":1,"magistuarmory:rustedcrusader_chestplate":1},"minecraft:killed":{"aquaculture:bluegill":1,"alexsmobs:raccoon":1,"minecraft:spider":1,"aquaculture:smallmouth_bass":1,"enemyexpansion:direwolf":1,"minecraft:skeleton":2,"minecraft:chicken":7,"minecraft:pig":2,"minecraft:sheep":2,"minecraft:zombie":2,"enemyexpansion:slugger":1},"minecraft:dropped":{"minecraft:water_bucket":1,"minecraft:birch_planks":8,"minecraft:wheat_seeds":1,"minecraft:cooked_porkchop":4,"minecraft:dark_oak_slab":1,"minecraft:cobblestone":5,"minecraft:red_mushroom":1,"minecraft:wooden_axe":1,"minecraft:wooden_sword":1,"minecraft:pumpkin":4,"minecraft:dark_oak_planks":8,"minecraft:string":4,"minecraft:cyan_carpet":2,"minecraft:moss_carpet":4,"botania:gray_petal":2,"minecraft:stone_sword":1,"alexsmobs:animal_dictionary":1,"minecraft:birch_sapling":1,"minecraft:rotten_flesh":3,"minecraft:spruce_fence":1,"minecraft:sea_pickle":3,"minecraft:spruce_planks":8,"mysticalagriculture:inferium_essence":2,"doggytalents:rice_grains":1,"minecraft:spruce_slab":1,"minecraft:basalt":1,"minecraft:wooden_pickaxe":1},"minecraft:used":{"minecraft:trident":3,"minecraft:stone_sword":153,"minecraft:spruce_planks":14,"minecraft:dirt":4,"botania:lime_double_flower":1,"minecraft:wooden_axe":5,"minecraft:lantern":4,"minecraft:basalt":1,"minecraft:sweet_berries":30,"minecraft:furnace":1,"upgrade_aquatic:mulberry":2,"minecraft:stone_pickaxe":42,"minecraft:oak_planks":8,"minecraft:andesite_slab":3,"minecraft:wooden_pickaxe":24,"minecraft:crafting_table":2,"minecraft:apple":1,"minecraft:bread":1,"minecraft:stone_axe":89,"minecraft:wooden_sword":13,"minecraft:cooked_porkchop":6,"alexsmobs:animal_dictionary":6,"delightful:acorn":1},"minecraft:mined":{"minecraft:tuff":6,"minecraft:spruce_planks":2,"upgrade_aquatic:river_log":3,"minecraft:brewing_stand":1,"minecraft:grass_block":8,"minecraft:spruce_fence":2,"minecraft:deepslate_bricks":3,"minecraft:spruce_leaves":1,"minecraft:red_mushroom":1,"quark:hollow_birch_log":4,"upgrade_aquatic:mulberry_vine":1,"minecraft:cobbled_deepslate":1,"botania:lime_double_flower":1,"minecraft:pumpkin":4,"minecraft:peony":4,"minecraft:bell":1,"biomesoplenty:high_grass":1,"minecraft:bookshelf":20,"amendments:wall_lantern":2,"minecraft:lantern":2,"minecraft:stone":21,"minecraft:spruce_slab":1,"minecraft:redstone_block":1,"minecraft:stripped_dark_oak_log":2,"minecraft:basalt":2,"upgrade_aquatic:tall_beachgrass":1,"minecraft:crafting_table":1,"minecraft:andesite_slab":4,"minecraft:campfire":6,"biomesoplenty:high_grass_plant":7,"minecraft:tall_grass":1,"minecraft:cobblestone":3,"minecraft:oak_planks":3,"upgrade_aquatic:river_leaves":4,"minecraft:dark_oak_slab":2,"minecraft:sea_pickle":1,"minecraft:birch_log":15,"minecraft:sweet_berry_bush":18,"minecraft:spruce_log":3,"minecraft:birch_leaves":1,"minecraft:grass":21,"minecraft:oak_log":25,"minecraft:cyan_carpet":1,"minecraft:dirt":14,"botania:gray_mystical_flower":1,"minecraft:cobweb":7,"minecraft:cracked_stone_bricks":1,"minecraft:tripwire_hook":6,"minecraft:oak_leaves":3,"minecraft:fern":4,"minecraft:redstone_lamp":1},"minecraft:crafted":{"minecraft:wooden_sword":1,"minecraft:oak_planks":24,"minecraft:furnace":1,"botania:gray_petal":2,"minecraft:stone_pickaxe":1,"minecraft:dark_oak_planks":8,"minecraft:crafting_table":1,"minecraft:spruce_planks":12,"minecraft:wooden_pickaxe":1,"minecraft:birch_planks":20,"minecraft:stone_axe":1,"minecraft:stick":12,"minecraft:wooden_axe":1,"minecraft:stone_sword":1}},"DataVersion":3465}