{"stats":{"minecraft:custom":{"minecraft:interact_with_furnace":1,"minecraft:mob_kills":17,"minecraft:interact_with_crafting_table":6,"minecraft:open_barrel":44,"minecraft:leave_game":1,"minecraft:time_since_death":27753,"minecraft:climb_one_cm":640,"minecraft:time_since_rest":27768,"minecraft:sprint_one_cm":177389,"minecraft:damage_taken":756,"minecraft:walk_one_cm":299128,"minecraft:drop":27,"minecraft:damage_dealt":1772,"minecraft:swim_one_cm":10737,"minecraft:fly_one_cm":396022,"minecraft:open_chest":14,"minecraft:play_time":39714,"minecraft:crouch_one_cm":7370,"minecraft:deaths":1,"minecraft:sneak_time":742,"minecraft:walk_under_water_one_cm":3553,"minecraft:interact_with_lectern":1,"minecraft:jump":1202,"minecraft:walk_on_water_one_cm":11816,"minecraft:total_world_time":39714,"minecraft:fall_one_cm":28208},"minecraft:picked_up":{"minecraft:birch_log":15,"minecraft:charcoal":8,"minecraft:crafting_table":1,"minecraft:redstone_block":1,"minecraft:chicken":7,"minecraft:red_mushroom":1,"minecraft:birch_planks":8,"doggytalents:rice_grains":1,"minecraft:oak_log":34,"minecraft:string":8,"minecraft:dirt":44,"minecraft:lantern":4,"minecraft:moss_carpet":4,"minecraft:item_frame":4,"minecraft:cyan_carpet":2,"minecraft:apple":1,"minecraft:sea_pickle":3,"minecraft:wheat_seeds":1,"mysticalagriculture:inferium_essence":2,"upgrade_aquatic:river_log":3,"minecraft:bell":1,"minecraft:spruce_planks":10,"delightful:acorn":1,"minecraft:dark_oak_sign":2,"minecraft:spruce_slab":1,"minecraft:oak_planks":3,"upgrade_aquatic:mulberry":1,"minecraft:birch_sapling":1,"botania:gray_mystical_flower":1,"minecraft:furnace":1,"minecraft:book":33,"minecraft:stick":12,"apotheosis:gem":4,"minecraft:dark_oak_slab":1,"minecraft:pumpkin":8,"minecraft:sweet_berries":27,"minecraft:spruce_fence":1,"minecraft:porkchop":3,"botania:lime_double_flower":1,"minecraft:spruce_log":3,"magistuarmory:rustedcrusader_chestplate":1,"alexsmobs:animal_dictionary":1,"minecraft:stone_sword":1,"minecraft:arrow":3,"minecraft:rotten_flesh":1,"minecraft:soul_lantern":2,"quark:hollow_birch_log":4,"minecraft:oak_sapling":16,"minecraft:stripped_dark_oak_log":2,"minecraft:cobblestone":21},"minecraft:killed":{"minecraft:pig":2,"aquaculture:bluegill":1,"alexsmobs:raccoon":1,"minecraft:spider":1,"aquaculture:smallmouth_bass":1,"minecraft:skeleton":2,"minecraft:zombie":2,"minecraft:chicken":7},"minecraft:dropped":{"minecraft:moss_carpet":4,"minecraft:birch_planks":8,"minecraft:wheat_seeds":1,"alexsmobs:animal_dictionary":1,"minecraft:stone_sword":1,"botania:gray_petal":2,"minecraft:cooked_porkchop":2,"minecraft:birch_sapling":1,"minecraft:dark_oak_slab":1,"minecraft:cobblestone":5,"minecraft:rotten_flesh":1,"minecraft:spruce_fence":1,"minecraft:red_mushroom":1,"minecraft:sea_pickle":3,"minecraft:spruce_planks":8,"mysticalagriculture:inferium_essence":2,"minecraft:wooden_axe":1,"minecraft:pumpkin":4,"minecraft:wooden_sword":1,"doggytalents:rice_grains":1,"minecraft:spruce_slab":1,"minecraft:wooden_pickaxe":1,"minecraft:string":4,"minecraft:dark_oak_planks":8,"minecraft:cyan_carpet":2},"minecraft:used":{"minecraft:stone_sword":130,"upgrade_aquatic:mulberry":2,"minecraft:stone_pickaxe":24,"minecraft:oak_planks":8,"minecraft:spruce_planks":14,"minecraft:wooden_pickaxe":24,"minecraft:dirt":4,"minecraft:crafting_table":2,"botania:lime_double_flower":1,"minecraft:wooden_axe":5,"minecraft:apple":1,"minecraft:bread":1,"minecraft:lantern":3,"minecraft:wooden_sword":13,"minecraft:stone_axe":79,"minecraft:sweet_berries":30,"minecraft:furnace":1,"minecraft:cooked_porkchop":4,"alexsmobs:animal_dictionary":6,"delightful:acorn":1},"minecraft:mined":{"minecraft:tuff":2,"minecraft:spruce_planks":2,"minecraft:redstone_block":1,"upgrade_aquatic:river_log":3,"minecraft:stripped_dark_oak_log":2,"upgrade_aquatic:tall_beachgrass":1,"minecraft:crafting_table":1,"minecraft:spruce_fence":2,"minecraft:grass_block":8,"minecraft:campfire":4,"minecraft:tall_grass":1,"minecraft:cobblestone":3,"minecraft:spruce_leaves":1,"minecraft:oak_planks":3,"minecraft:red_mushroom":1,"upgrade_aquatic:river_leaves":4,"quark:hollow_birch_log":4,"minecraft:dark_oak_slab":2,"minecraft:sea_pickle":1,"minecraft:birch_log":15,"upgrade_aquatic:mulberry_vine":1,"minecraft:sweet_berry_bush":18,"minecraft:spruce_log":3,"minecraft:birch_leaves":1,"botania:lime_double_flower":1,"minecraft:pumpkin":4,"minecraft:peony":4,"minecraft:bell":1,"minecraft:grass":20,"minecraft:bookshelf":11,"minecraft:oak_log":25,"amendments:wall_lantern":1,"minecraft:lantern":2,"minecraft:cyan_carpet":1,"minecraft:dirt":14,"botania:gray_mystical_flower":1,"minecraft:cobweb":7,"minecraft:tripwire_hook":6,"minecraft:stone":21,"minecraft:oak_leaves":3,"minecraft:spruce_slab":1,"minecraft:redstone_lamp":1,"minecraft:fern":4},"minecraft:crafted":{"minecraft:wooden_sword":1,"minecraft:oak_planks":24,"minecraft:crafting_table":1,"minecraft:spruce_planks":12,"minecraft:wooden_pickaxe":1,"minecraft:furnace":1,"botania:gray_petal":2,"minecraft:birch_planks":20,"minecraft:stone_axe":1,"minecraft:stick":12,"minecraft:stone_pickaxe":1,"minecraft:wooden_axe":1,"minecraft:stone_sword":1,"minecraft:dark_oak_planks":8}},"DataVersion":3465}