[
  {
    "name": "superfuego30",
    "uuid": "8124ed89-45b7-34c3-b109-7d8b9e630c69"
  },
  {
    "name": "Bidik_",
    "uuid": "309dfbd7-0714-3eec-a9fb-2a21237ac7a6"
  },
  {
    "name": "Sourgrapesle",
    "uuid": "d002a90d-7ccb-3fd5-9ce9-efe6b23cd70e"
  },
  {
    "name": "SKUTSS",
    "uuid": "121df64c-27a8-38c0-a7eb-c34a46016c6c"
  },
  {
    "name": "moonsoul",
    "uuid": "e13ffe57-228a-3c7b-9e11-9c95f08976cf"
  },
  {
    "name": "Luluuu",
    "uuid": "e4a69ff7-3080-30cf-a849-fa9569915ba7"
  },
  {
    "name": "isrengiffo",
    "uuid": "8be72f36-1b67-3108-b7c6-f8bedd6d484e"
  }
]